log_id,patientId,medicationId,scheduled_time,taken_time,status,reason_missed,logged_at,side_effects__description,side_effects__severity,side_effects__notes
1e20d843-bb5b-4e1d-904f-62678e113cc7,pat1,med1,2025-06-01T08:00:00Z,2025-06-01T08:59:00Z,taken,null,2025-06-01T09:07:00Z,,,
890a6149-69b3-4c5f-9d84-6df7238c57bd,pat1,med1,2025-06-02T08:00:00Z,null,missed,Was traveling,2025-06-02T08:30:00Z,,,
c89b5363-27a6-49ad-8e55-8d0b5da23761,pat1,med1,2025-06-03T08:00:00Z,2025-06-03T08:58:00Z,taken,null,2025-06-03T09:12:00Z,Nausea,2,Mild stomach discomfort
f53c7839-81e0-4f2b-9763-22f2feb818ec,pat1,med1,2025-06-04T08:00:00Z,null,missed,Forgot to take,2025-06-04T08:28:00Z,,,
b3dce23a-ab88-476f-a846-eea8712b571e,pat1,med1,2025-06-06T08:00:00Z,2025-06-06T08:50:00Z,taken,null,2025-06-06T09:12:00Z,,,
642ee706-f541-40c8-9181-629c7ade1ab1,pat1,med1,2025-06-06T08:00:00Z,2025-06-06T08:14:00Z,taken,null,2025-06-06T08:43:00Z,,,
efa8296d-38b9-4fc9-b094-898c46dcc054,pat1,med1,2025-06-07T08:00:00Z,null,missed,Was traveling,2025-06-07T08:13:00Z,,,
6af58235-b647-4ba0-83e0-71cf7f83446b,pat1,med1,2025-06-08T08:00:00Z,2025-06-08T08:34:00Z,taken,null,2025-06-08T09:03:00Z,,,
6b86b430-1d71-449b-a9c3-b55c1b275211,pat1,med1,2025-06-09T08:00:00Z,2025-06-09T08:43:00Z,taken,null,2025-06-09T09:07:00Z,Headache,4,Persistent pain
fc7b5cd8-c178-4a92-ad95-702ff30d4d72,pat1,med1,2025-06-10T08:00:00Z,null,missed,Was traveling,2025-06-10T08:53:00Z,,,
222cf11b-b96e-48f0-93fd-84c1d0741235,pat1,med1,2025-06-11T08:00:00Z,2025-06-11T08:41:00Z,taken,null,2025-06-11T09:04:00Z,,,
4fc27772-acea-4b64-8d6c-ea785f88ef34,pat1,med1,2025-06-12T08:00:00Z,2025-06-12T08:34:00Z,taken,null,2025-06-12T08:56:00Z,,,
df75ab53-4cb9-4c14-bc55-df9651599404,pat1,med1,2025-06-13T08:00:00Z,2025-06-13T08:50:00Z,taken,null,2025-06-13T09:14:00Z,Fatigue,2,Tiredness throughout the day
7daea415-8471-4019-8edf-7b9500698d92,pat1,med1,2025-06-14T08:00:00Z,2025-06-14T08:44:00Z,taken,null,2025-06-14T09:02:00Z,,,
deaa167e-50bb-4b2c-ba42-4b8eecdad7a3,pat1,med1,2025-06-15T08:00:00Z,2025-06-15T08:06:00Z,taken,null,2025-06-15T08:32:00Z,Fatigue,2,Tiredness throughout the day
ca89f00c-d1de-4065-aa93-eb0e42ce018d,pat1,med1,2025-06-16T08:00:00Z,2025-06-16T08:46:00Z,taken,null,2025-06-16T08:55:00Z,Dizziness,3,Lightheadedness when standing
1f93bafc-f82e-40f5-b236-649057e78a9c,pat1,med1,2025-06-17T08:00:00Z,2025-06-17T08:45:00Z,taken,null,2025-06-17T08:52:00Z,,,
3c15d9f6-1d55-4f5c-8dea-cb9ce0080828,pat1,med1,2025-06-18T08:00:00Z,2025-06-18T08:03:00Z,taken,null,2025-06-18T08:16:00Z,Dizziness,3,Lightheadedness when standing
4e6eee6b-5fa2-4d90-be03-db02f0fba76c,pat1,med1,2025-06-19T08:00:00Z,2025-06-19T08:38:00Z,taken,null,2025-06-19T08:56:00Z,,,
7fb4ba86-7859-4d2e-84e7-1292fc35857f,pat1,med1,2025-06-20T08:00:00Z,2025-06-20T08:38:00Z,taken,null,2025-06-20T09:08:00Z,,,
ac9c2178-372c-4466-b8b3-a9fd0a317158,pat1,med1,2025-06-21T08:00:00Z,null,missed,Was traveling,2025-06-21T08:10:00Z,,,
90672318-34ad-4371-ba99-0cb5ea928521,pat1,med1,2025-06-22T08:00:00Z,2025-06-22T09:00:00Z,taken,null,2025-06-22T09:22:00Z,,,
c745c84f-3af6-47f8-8f60-c6a2ad1122ef,pat1,med1,2025-06-23T08:00:00Z,2025-06-23T08:24:00Z,taken,null,2025-06-23T08:54:00Z,Headache,4,Persistent pain
7bf1bea9-653c-4d61-ab9e-c435a9282535,pat1,med1,2025-06-24T08:00:00Z,2025-06-24T08:51:00Z,taken,null,2025-06-24T09:06:00Z,Fatigue,2,Tiredness throughout the day
e78f28a8-51da-4a2e-ac43-e7fdd7b98e18,pat1,med1,2025-06-25T08:00:00Z,2025-06-25T08:55:00Z,taken,null,2025-06-25T09:00:00Z,Headache,4,Persistent pain
23ecd74b-e793-4b8c-affa-a66f27bd40a8,pat1,med1,2025-06-26T08:00:00Z,2025-06-26T08:43:00Z,taken,null,2025-06-26T08:52:00Z,Headache,4,Persistent pain
74d8819c-33b5-4888-98c3-5b4987468b93,pat1,med1,2025-06-27T08:00:00Z,null,missed,Forgot to take,2025-06-27T08:30:00Z,,,
b2d94930-9e63-493f-80f1-9a99d30f1794,pat1,med1,2025-06-28T08:00:00Z,2025-06-28T08:11:00Z,taken,null,2025-06-28T08:20:00Z,,,
f259c73f-7d82-457d-9006-dd88142036aa,pat1,med1,2025-06-29T08:00:00Z,2025-06-29T08:13:00Z,taken,null,2025-06-29T08:29:00Z,,,
4cdf285f-2f07-4863-a868-2f585f985af7,pat1,med1,2025-06-30T08:00:00Z,2025-06-30T08:38:00Z,taken,null,2025-06-30T08:46:00Z,,,
31f74994-7ff9-474f-9718-ed0c34e482fe,pat2,med2,2025-06-01T08:00:00Z,2025-06-01T08:46:00Z,taken,null,2025-06-01T09:16:00Z,Dizziness,3,Lightheadedness when standing
98361617-41a7-4218-abae-446efc4461e3,pat2,med2,2025-06-02T08:00:00Z,null,missed,Out of medication,2025-06-02T08:27:00Z,,,
7ab09b0b-522f-47e3-b967-f7bad1169626,pat2,med2,2025-06-03T08:00:00Z,2025-06-03T08:17:00Z,taken,null,2025-06-03T08:38:00Z,,,
c7969f79-72ff-4adf-a0e2-8ba8db169e68,pat2,med2,2025-06-04T08:00:00Z,2025-06-04T08:44:00Z,taken,null,2025-06-04T09:04:00Z,,,
ff5ab984-8c53-4b8a-addf-d23e173d43ae,pat2,med2,2025-06-06T08:00:00Z,2025-06-06T08:07:00Z,taken,null,2025-06-06T08:32:00Z,,,
a2c9975d-f372-4e9e-8cba-d3b96a9d8574,pat2,med2,2025-06-06T08:00:00Z,2025-06-06T09:00:00Z,taken,null,2025-06-06T09:28:00Z,,,
e37aa9a9-a8b8-4e91-b5c1-7ca061d7632c,pat2,med2,2025-06-07T08:00:00Z,2025-06-07T08:10:00Z,taken,null,2025-06-07T08:30:00Z,,,
8229b1ec-ad38-4243-9255-db1e69a8fda5,pat2,med2,2025-06-08T08:00:00Z,null,missed,Was traveling,2025-06-08T08:23:00Z,,,
12db38ed-d46f-46a6-a3fe-19d02935b7b9,pat2,med2,2025-06-09T08:00:00Z,null,missed,Forgot to take,2025-06-09T08:59:00Z,,,
b0bc7211-f49b-4389-9afb-1d413ea3c052,pat2,med2,2025-06-10T08:00:00Z,null,missed,Felt unwell,2025-06-10T08:30:00Z,,,
44eb6739-8d5a-4831-8e6c-6b6c760ee376,pat2,med2,2025-06-11T08:00:00Z,2025-06-11T08:00:00Z,taken,null,2025-06-11T08:20:00Z,,,
67c0d0ea-4677-4300-ab24-4b14def657b6,pat2,med2,2025-06-12T08:00:00Z,null,missed,Out of medication,2025-06-12T08:43:00Z,,,
1472bbab-89c6-4f3e-91c6-ec856a65b9c5,pat2,med2,2025-06-13T08:00:00Z,2025-06-13T08:21:00Z,taken,null,2025-06-13T08:31:00Z,Nausea,2,Mild stomach discomfort
200dd42f-4889-4479-9719-51700af2b73b,pat2,med2,2025-06-14T08:00:00Z,2025-06-14T08:27:00Z,taken,null,2025-06-14T08:40:00Z,,,
6aabe612-570e-41f1-a418-78b42b3b36e7,pat2,med2,2025-06-15T08:00:00Z,2025-06-15T08:50:00Z,taken,null,2025-06-15T09:11:00Z,Dizziness,3,Lightheadedness when standing
5a991da2-2679-45e6-8a59-dee5290a4623,pat2,med2,2025-06-16T08:00:00Z,2025-06-16T08:18:00Z,taken,null,2025-06-16T08:36:00Z,,,
138bdd47-5e92-48c7-a10c-816b3eaf257d,pat2,med2,2025-06-17T08:00:00Z,2025-06-17T08:21:00Z,taken,null,2025-06-17T08:33:00Z,Nausea,2,Mild stomach discomfort
e2410403-a3f9-415f-9f26-5516539666e3,pat2,med2,2025-06-18T08:00:00Z,2025-06-18T08:39:00Z,taken,null,2025-06-18T09:01:00Z,Nausea,2,Mild stomach discomfort
42504ba9-0dd8-405e-a805-eb3cedec4935,pat2,med2,2025-06-19T08:00:00Z,2025-06-19T08:07:00Z,taken,null,2025-06-19T08:20:00Z,Nausea,2,Mild stomach discomfort
d9592bd1-8258-4a19-ad30-3b4ad7b0253e,pat2,med2,2025-06-20T08:00:00Z,2025-06-20T08:29:00Z,taken,null,2025-06-20T08:56:00Z,,,
c110a3f4-6cb7-4f7f-9bca-41c7ede96a64,pat2,med2,2025-06-21T08:00:00Z,2025-06-21T08:57:00Z,taken,null,2025-06-21T09:17:00Z,,,
2fe47424-f337-4c26-bd6c-b96c4ecc62ce,pat2,med2,2025-06-22T08:00:00Z,null,missed,Was traveling,2025-06-22T08:28:00Z,,,
56b27d61-3e9e-42af-925e-082083538d3b,pat2,med2,2025-06-23T08:00:00Z,2025-06-23T08:00:00Z,taken,null,2025-06-23T08:24:00Z,,,
7ef64e09-dc60-47a9-80a6-6ac1862cd4f1,pat2,med2,2025-06-24T08:00:00Z,null,missed,Out of medication,2025-06-24T08:59:00Z,,,
1862764d-e5d8-4088-abf5-60ed84ca1d4c,pat2,med2,2025-06-25T08:00:00Z,2025-06-25T08:59:00Z,taken,null,2025-06-25T09:11:00Z,Nausea,2,Mild stomach discomfort
bcd0af08-9bfa-4697-adad-06af2e4c49b5,pat2,med2,2025-06-26T08:00:00Z,2025-06-26T08:15:00Z,taken,null,2025-06-26T08:38:00Z,,,
3a3b598c-e953-4e93-bb1a-d294419a5231,pat2,med2,2025-06-27T08:00:00Z,2025-06-27T08:39:00Z,taken,null,2025-06-27T09:09:00Z,Dizziness,3,Lightheadedness when standing
846d2829-e9c7-4243-b7b1-30a888386c48,pat2,med2,2025-06-28T08:00:00Z,null,missed,Out of medication,2025-06-28T08:35:00Z,,,
51af4311-9cd9-4600-9246-a557a5eb65e7,pat2,med2,2025-06-29T08:00:00Z,2025-06-29T08:10:00Z,taken,null,2025-06-29T08:31:00Z,,,
319c7d37-e3dd-4171-ba14-df29f87a610e,pat2,med2,2025-06-30T08:00:00Z,2025-06-30T08:33:00Z,taken,null,2025-06-30T08:41:00Z,Dizziness,3,Lightheadedness when standing
d8c4c940-490a-4d86-ada8-ce025e60114f,pat3,med3,2025-06-01T08:00:00Z,2025-06-01T08:15:00Z,taken,null,2025-06-01T08:36:00Z,Dizziness,3,Lightheadedness when standing
5f0c35c0-68dc-4b44-81b8-07d0248d86ae,pat3,med3,2025-06-02T08:00:00Z,2025-06-02T08:52:00Z,taken,null,2025-06-02T09:04:00Z,,,
1e5b4238-d2e6-426c-8102-099ecae28472,pat3,med3,2025-06-03T08:00:00Z,2025-06-03T08:55:00Z,taken,null,2025-06-03T09:00:00Z,Nausea,2,Mild stomach discomfort
9a04fa37-55d4-4b7e-ac66-1c824c932fd4,pat3,med3,2025-06-04T08:00:00Z,2025-06-04T08:34:00Z,taken,null,2025-06-04T09:03:00Z,,,
536c6694-109b-4473-aedb-179a0cde1d60,pat3,med3,2025-06-06T08:00:00Z,null,missed,Felt unwell,2025-06-06T08:14:00Z,,,
dfa16e3b-4870-4d33-bc2a-4dc7d13a2dc6,pat3,med3,2025-06-06T08:00:00Z,2025-06-06T08:20:00Z,taken,null,2025-06-06T08:27:00Z,Headache,4,Persistent pain
822a41bc-16bf-4b3c-876b-4efffb6bba8e,pat3,med3,2025-06-07T08:00:00Z,2025-06-07T08:19:00Z,taken,null,2025-06-07T08:29:00Z,Dizziness,3,Lightheadedness when standing
7741a463-65c7-44f9-b378-e0994a3387f4,pat3,med3,2025-06-08T08:00:00Z,2025-06-08T08:06:00Z,taken,null,2025-06-08T08:19:00Z,,,
ce5f04c1-f34a-4001-8014-a30a6be1b27b,pat3,med3,2025-06-09T08:00:00Z,2025-06-09T08:31:00Z,taken,null,2025-06-09T08:48:00Z,,,
636b7b0c-b60a-4581-adc5-d1dea9ffe5f4,pat3,med3,2025-06-10T08:00:00Z,2025-06-10T08:47:00Z,taken,null,2025-06-10T09:12:00Z,Dizziness,3,Lightheadedness when standing
a7606b51-2bc0-458d-aa64-1293ff9fffa1,pat3,med3,2025-06-11T08:00:00Z,2025-06-11T08:41:00Z,taken,null,2025-06-11T08:53:00Z,,,
766b99da-1bcc-4911-8d9f-e0a6291e5eaf,pat3,med3,2025-06-12T08:00:00Z,2025-06-12T08:45:00Z,taken,null,2025-06-12T08:59:00Z,,,
3c448485-853b-4014-bef4-78d9c753b687,pat3,med3,2025-06-13T08:00:00Z,2025-06-13T08:09:00Z,taken,null,2025-06-13T08:21:00Z,,,
9783ef99-1fd8-4987-ba6b-7f5b661e164c,pat3,med3,2025-06-14T08:00:00Z,2025-06-14T08:15:00Z,taken,null,2025-06-14T08:26:00Z,Dizziness,3,Lightheadedness when standing
8f10cc46-c429-47ec-a5cd-7d355326b155,pat3,med3,2025-06-15T08:00:00Z,2025-06-15T08:59:00Z,taken,null,2025-06-15T09:29:00Z,,,
2d7bc5aa-13dd-4dc6-906e-71fc5822c086,pat3,med3,2025-06-16T08:00:00Z,2025-06-16T08:51:00Z,taken,null,2025-06-16T09:03:00Z,Dizziness,3,Lightheadedness when standing
bede84ed-bee7-4094-af2b-463d2dc18e7a,pat3,med3,2025-06-17T08:00:00Z,2025-06-17T08:17:00Z,taken,null,2025-06-17T08:37:00Z,,,
b768c023-ebac-4eef-ae16-fe611036c7d3,pat3,med3,2025-06-18T08:00:00Z,null,missed,Out of medication,2025-06-18T08:31:00Z,,,
ee3bb97c-e2ba-4dce-86d8-843dba515e0d,pat3,med3,2025-06-19T08:00:00Z,2025-06-19T08:26:00Z,taken,null,2025-06-19T08:35:00Z,,,
167790b7-518e-446e-9080-25a56b68a0f1,pat3,med3,2025-06-20T08:00:00Z,2025-06-20T08:37:00Z,taken,null,2025-06-20T09:03:00Z,,,
a02fda21-f888-4218-ab2c-380c61d38150,pat3,med3,2025-06-21T08:00:00Z,2025-06-21T08:28:00Z,taken,null,2025-06-21T08:35:00Z,Nausea,2,Mild stomach discomfort
ddd2d630-70be-4d56-8b2b-c7d685d77575,pat3,med3,2025-06-22T08:00:00Z,2025-06-22T08:27:00Z,taken,null,2025-06-22T08:38:00Z,,,
3402d412-5aab-4996-b173-599369e28734,pat3,med3,2025-06-23T08:00:00Z,2025-06-23T08:39:00Z,taken,null,2025-06-23T09:02:00Z,,,
8ed2da2b-56e9-4eed-b9de-6863726bcca3,pat3,med3,2025-06-24T08:00:00Z,null,missed,Was traveling,2025-06-24T08:21:00Z,,,
bbc0ee5f-7cc9-457e-9187-aa23dfd4c897,pat3,med3,2025-06-25T08:00:00Z,2025-06-25T08:46:00Z,taken,null,2025-06-25T08:55:00Z,,,
9e093d09-a389-466f-a2f8-c70b9c1f68f9,pat3,med3,2025-06-26T08:00:00Z,2025-06-26T08:44:00Z,taken,null,2025-06-26T08:52:00Z,,,
432edd9c-96d0-4e66-afc2-ac339ddb2276,pat3,med3,2025-06-27T08:00:00Z,2025-06-27T08:58:00Z,taken,null,2025-06-27T09:09:00Z,,,
c0226013-164e-469b-95cc-dcf683c8c321,pat3,med3,2025-06-28T08:00:00Z,2025-06-28T08:21:00Z,taken,null,2025-06-28T08:29:00Z,Nausea,2,Mild stomach discomfort
b68b30ba-dd04-4bbb-afed-65eb4610ccaf,pat3,med3,2025-06-29T08:00:00Z,2025-06-29T08:12:00Z,taken,null,2025-06-29T08:30:00Z,Dizziness,3,Lightheadedness when standing
b299293c-f3a7-4e2f-bf9c-2c8d82da279b,pat3,med3,2025-06-30T08:00:00Z,2025-06-30T08:46:00Z,taken,null,2025-06-30T09:12:00Z,,,
a8c8cb00-203c-47a5-a902-b8a7b167e489,pat4,med4,2025-06-01T08:00:00Z,2025-06-01T08:59:00Z,taken,null,2025-06-01T09:06:00Z,,,
92b78928-362d-4769-a658-d8f91160e1a7,pat4,med4,2025-06-02T08:00:00Z,2025-06-02T08:55:00Z,taken,null,2025-06-02T09:24:00Z,Fatigue,2,Tiredness throughout the day
a75f1085-1836-4d7d-a689-93d3addcfc6f,pat4,med4,2025-06-03T08:00:00Z,2025-06-03T08:24:00Z,taken,null,2025-06-03T08:31:00Z,Fatigue,2,Tiredness throughout the day
edbafda6-2e19-4b00-951c-b6b28d758500,pat4,med4,2025-06-04T08:00:00Z,2025-06-04T08:26:00Z,taken,null,2025-06-04T08:55:00Z,Headache,4,Persistent pain
65a1d5a3-8bd3-41ed-b669-65db707953b9,pat4,med4,2025-06-06T08:00:00Z,2025-06-06T08:33:00Z,taken,null,2025-06-06T08:55:00Z,Dizziness,3,Lightheadedness when standing
ef5a74c4-3b84-4519-a0d8-479f270fe50e,pat4,med4,2025-06-06T08:00:00Z,2025-06-06T08:35:00Z,taken,null,2025-06-06T08:58:00Z,Fatigue,2,Tiredness throughout the day
42626fd8-26d9-41ef-8ba8-82ccba49ea70,pat4,med4,2025-06-07T08:00:00Z,2025-06-07T08:24:00Z,taken,null,2025-06-07T08:33:00Z,,,
eb7d8b4d-835c-4dc1-b09a-e1645eccdefb,pat4,med4,2025-06-08T08:00:00Z,2025-06-08T08:39:00Z,taken,null,2025-06-08T09:05:00Z,Dizziness,3,Lightheadedness when standing
a076bace-e3e2-40ef-ba17-b22eb8eda76b,pat4,med4,2025-06-09T08:00:00Z,2025-06-09T08:59:00Z,taken,null,2025-06-09T09:04:00Z,Dizziness,3,Lightheadedness when standing
e670f512-4737-47ff-b4db-2f47723862ed,pat4,med4,2025-06-10T08:00:00Z,2025-06-10T08:01:00Z,taken,null,2025-06-10T08:31:00Z,,,
33b78d2f-3834-432e-9d05-6a652fcaacd4,pat4,med4,2025-06-11T08:00:00Z,2025-06-11T08:29:00Z,taken,null,2025-06-11T08:55:00Z,,,
518c667a-9195-4537-8083-fc095617fb9a,pat4,med4,2025-06-12T08:00:00Z,2025-06-12T08:14:00Z,taken,null,2025-06-12T08:33:00Z,,,
52cd637e-f711-48a6-bded-e5827671650f,pat4,med4,2025-06-13T08:00:00Z,2025-06-13T08:40:00Z,taken,null,2025-06-13T08:50:00Z,,,
b0357c42-4a26-4be7-aa45-cd0c7c3c3bf8,pat4,med4,2025-06-14T08:00:00Z,null,missed,Out of medication,2025-06-14T08:29:00Z,,,
f771ae36-98d3-49e8-aa9e-a8577c9cd75b,pat4,med4,2025-06-15T08:00:00Z,2025-06-15T08:00:00Z,taken,null,2025-06-15T08:12:00Z,,,
71d7d516-e728-40c5-a842-5197ff8dbcbd,pat4,med4,2025-06-16T08:00:00Z,null,missed,Out of medication,2025-06-16T08:44:00Z,,,
6f87ad27-1c9a-4200-bac3-47a0c58451b0,pat4,med4,2025-06-17T08:00:00Z,2025-06-17T08:14:00Z,taken,null,2025-06-17T08:41:00Z,Dizziness,3,Lightheadedness when standing
8e22e30e-df25-4667-a525-156f30f10b02,pat4,med4,2025-06-18T08:00:00Z,2025-06-18T08:05:00Z,taken,null,2025-06-18T08:17:00Z,,,
be303c55-fffe-4631-b08c-2b870db16380,pat4,med4,2025-06-19T08:00:00Z,2025-06-19T08:30:00Z,taken,null,2025-06-19T08:49:00Z,,,
a0856ee3-1a90-4d50-a6c5-22e6ae92cf08,pat4,med4,2025-06-20T08:00:00Z,2025-06-20T08:30:00Z,taken,null,2025-06-20T08:45:00Z,Dizziness,3,Lightheadedness when standing
57fa115d-d218-43a1-b388-e6194cc23fd3,pat4,med4,2025-06-21T08:00:00Z,2025-06-21T08:06:00Z,taken,null,2025-06-21T08:29:00Z,Nausea,2,Mild stomach discomfort
777bd6c0-edb1-40cd-a86d-5626c2e612bd,pat4,med4,2025-06-22T08:00:00Z,2025-06-22T08:13:00Z,taken,null,2025-06-22T08:38:00Z,,,
77b3c052-cb94-45ea-9b0b-a071ead5b503,pat4,med4,2025-06-23T08:00:00Z,2025-06-23T08:50:00Z,taken,null,2025-06-23T09:04:00Z,,,
be04f838-e229-449d-b668-cd2b621bc434,pat4,med4,2025-06-24T08:00:00Z,2025-06-24T08:24:00Z,taken,null,2025-06-24T08:46:00Z,,,
25781ea9-e43c-4852-b31a-85c4d3931d94,pat4,med4,2025-06-25T08:00:00Z,2025-06-25T08:31:00Z,taken,null,2025-06-25T08:50:00Z,,,
905f4948-50d1-41bd-a6e4-cea8ccde63a7,pat4,med4,2025-06-26T08:00:00Z,2025-06-26T08:14:00Z,taken,null,2025-06-26T08:38:00Z,Dizziness,3,Lightheadedness when standing
f63a5bf3-34bd-4cba-8a8c-31fde6aec277,pat4,med4,2025-06-27T08:00:00Z,2025-06-27T08:46:00Z,taken,null,2025-06-27T09:01:00Z,Nausea,2,Mild stomach discomfort
564b3837-afc2-461f-b42d-9af9ad38793c,pat4,med4,2025-06-28T08:00:00Z,2025-06-28T08:08:00Z,taken,null,2025-06-28T08:17:00Z,,,
2a74bcae-948b-4511-85eb-06d39f9fab89,pat4,med4,2025-06-29T08:00:00Z,2025-06-29T08:18:00Z,taken,null,2025-06-29T08:39:00Z,Headache,4,Persistent pain
6a2756ea-0c69-41c9-9e44-edbff29a01f4,pat4,med4,2025-06-30T08:00:00Z,2025-06-30T08:28:00Z,taken,null,2025-06-30T08:42:00Z,Headache,4,Persistent pain
3325731f-6af2-4d83-b909-8f4a31e14973,pat5,med5,2025-06-01T08:00:00Z,2025-06-01T08:59:00Z,taken,null,2025-06-01T09:13:00Z,Dizziness,3,Lightheadedness when standing
6154641c-15e6-4c5a-af09-579260c109f1,pat5,med5,2025-06-02T08:00:00Z,2025-06-02T08:37:00Z,taken,null,2025-06-02T09:02:00Z,,,
ba02b42c-8908-4159-9b3b-ca0842dea6fe,pat5,med5,2025-06-03T08:00:00Z,2025-06-03T08:35:00Z,taken,null,2025-06-03T08:51:00Z,,,
e06bc8ef-9bdf-4e6e-bd7d-be8b21ee9131,pat5,med5,2025-06-04T08:00:00Z,2025-06-04T08:46:00Z,taken,null,2025-06-04T09:08:00Z,Dizziness,3,Lightheadedness when standing
19cf5d1a-126d-4c97-9e02-eebc4824871d,pat5,med5,2025-06-06T08:00:00Z,2025-06-06T08:37:00Z,taken,null,2025-06-06T08:52:00Z,Fatigue,2,Tiredness throughout the day
20a8c6b2-86e9-4dc7-93f3-cc2d1553982b,pat5,med5,2025-06-06T08:00:00Z,2025-06-06T08:52:00Z,taken,null,2025-06-06T09:00:00Z,,,
9b0fdaa8-676d-4eec-9de1-a7a02cca4b98,pat5,med5,2025-06-07T08:00:00Z,2025-06-07T08:36:00Z,taken,null,2025-06-07T09:05:00Z,Headache,4,Persistent pain
afab9998-518b-4ba0-95a3-f81e9673f952,pat5,med5,2025-06-08T08:00:00Z,2025-06-08T08:33:00Z,taken,null,2025-06-08T08:40:00Z,Nausea,2,Mild stomach discomfort
2318ec45-b0fc-4cb9-aae5-dfb2e47ebf07,pat5,med5,2025-06-09T08:00:00Z,2025-06-09T08:02:00Z,taken,null,2025-06-09T08:21:00Z,,,
80529d90-0c2b-4414-922c-8daaec69a5bc,pat5,med5,2025-06-10T08:00:00Z,2025-06-10T08:09:00Z,taken,null,2025-06-10T08:27:00Z,,,
8b9f048d-885c-402a-b755-93941e05a8c6,pat5,med5,2025-06-11T08:00:00Z,null,missed,Felt unwell,2025-06-11T08:15:00Z,,,
27e22e85-96f2-4bb1-a478-833ffee8fa81,pat5,med5,2025-06-12T08:00:00Z,2025-06-12T08:27:00Z,taken,null,2025-06-12T08:38:00Z,,,
4ef0fb7f-b122-459b-9192-ce3993f9bbc8,pat5,med5,2025-06-13T08:00:00Z,2025-06-13T08:57:00Z,taken,null,2025-06-13T09:03:00Z,,,
8b9f14f8-d401-486d-bf8a-fe984a2f7c96,pat5,med5,2025-06-14T08:00:00Z,2025-06-14T08:11:00Z,taken,null,2025-06-14T08:29:00Z,,,
5026e1f7-da10-483c-bd26-b2b581228152,pat5,med5,2025-06-15T08:00:00Z,2025-06-15T08:50:00Z,taken,null,2025-06-15T09:08:00Z,,,
0d082590-9723-4324-b173-ff2e329c5890,pat5,med5,2025-06-16T08:00:00Z,2025-06-16T08:07:00Z,taken,null,2025-06-16T08:13:00Z,,,
4086f337-2fd7-4d14-ab41-37a8c3af30e0,pat5,med5,2025-06-17T08:00:00Z,2025-06-17T08:58:00Z,taken,null,2025-06-17T09:19:00Z,,,
08fed606-6e01-478a-b48b-c97039fc7f12,pat5,med5,2025-06-18T08:00:00Z,2025-06-18T08:37:00Z,taken,null,2025-06-18T08:56:00Z,,,
31aa669f-1085-43ce-a3c4-56514e2b6d25,pat5,med5,2025-06-19T08:00:00Z,2025-06-19T08:33:00Z,taken,null,2025-06-19T08:55:00Z,Dizziness,3,Lightheadedness when standing
06b11b15-b10c-4b46-9373-1948a65ba07e,pat5,med5,2025-06-20T08:00:00Z,2025-06-20T08:51:00Z,taken,null,2025-06-20T09:03:00Z,,,
de219a63-8a3c-4c67-947b-1b3f44fc5efd,pat5,med5,2025-06-21T08:00:00Z,2025-06-21T08:23:00Z,taken,null,2025-06-21T08:34:00Z,,,
148217ac-4731-43bd-afe6-4eb5327710bd,pat5,med5,2025-06-22T08:00:00Z,2025-06-22T08:27:00Z,taken,null,2025-06-22T08:32:00Z,,,
c699fe41-ef1f-43ce-b476-3da98df9159e,pat5,med5,2025-06-23T08:00:00Z,2025-06-23T08:31:00Z,taken,null,2025-06-23T08:55:00Z,,,
4b3443e1-b10c-4c15-a808-8fce5ed1bb09,pat5,med5,2025-06-24T08:00:00Z,2025-06-24T08:31:00Z,taken,null,2025-06-24T08:53:00Z,Headache,4,Persistent pain
6cb081bc-a81d-4e4a-9cb1-197ab6e45240,pat5,med5,2025-06-25T08:00:00Z,2025-06-25T08:11:00Z,taken,null,2025-06-25T08:37:00Z,Headache,4,Persistent pain
729d78cf-c82a-4157-9f07-3eec556bd7fd,pat5,med5,2025-06-26T08:00:00Z,2025-06-26T08:50:00Z,taken,null,2025-06-26T09:10:00Z,,,
e80fa738-64a5-45f9-bacb-895ae80168eb,pat5,med5,2025-06-27T08:00:00Z,2025-06-27T08:45:00Z,taken,null,2025-06-27T08:59:00Z,,,
d12a6e3e-64f6-4bbd-935d-304351cf2ab6,pat5,med5,2025-06-28T08:00:00Z,null,missed,Out of medication,2025-06-28T08:29:00Z,,,
862d6b4c-1309-4efa-a5f0-4d29833a3824,pat5,med5,2025-06-29T08:00:00Z,2025-06-29T08:39:00Z,taken,null,2025-06-29T08:54:00Z,Nausea,2,Mild stomach discomfort
f39afd75-6ff1-4dc4-a7fe-068b0dc217f0,pat5,med5,2025-06-30T08:00:00Z,2025-06-30T08:41:00Z,taken,null,2025-06-30T08:48:00Z,,,
51015dc2-8e07-44e8-ad4a-299fdcdbf661,pat6,med6,2025-06-01T08:00:00Z,2025-06-01T08:30:00Z,taken,null,2025-06-01T08:44:00Z,,,
eb232bcf-bcd1-4200-8a80-e41fd829ae0e,pat6,med6,2025-06-02T08:00:00Z,2025-06-02T08:05:00Z,taken,null,2025-06-02T08:18:00Z,Dizziness,3,Lightheadedness when standing
28465a25-dcc9-4623-aa39-10242d2618da,pat6,med6,2025-06-03T08:00:00Z,2025-06-03T08:43:00Z,taken,null,2025-06-03T09:01:00Z,Headache,4,Persistent pain
4f2ae5b5-eafc-4fed-933b-7081970789b7,pat6,med6,2025-06-04T08:00:00Z,2025-06-04T08:19:00Z,taken,null,2025-06-04T08:39:00Z,Dizziness,3,Lightheadedness when standing
08b0a7c2-4c91-4d54-be56-23c37d5e4921,pat6,med6,2025-06-06T08:00:00Z,2025-06-06T09:00:00Z,taken,null,2025-06-06T09:05:00Z,,,
5b6d7322-5d50-4107-8caf-ac8c4606789c,pat6,med6,2025-06-06T08:00:00Z,2025-06-06T08:15:00Z,taken,null,2025-06-06T08:20:00Z,,,
fd75d63b-105e-438c-aa2e-6ff932f08c5c,pat6,med6,2025-06-07T08:00:00Z,2025-06-07T08:48:00Z,taken,null,2025-06-07T09:09:00Z,,,
5a19f835-7b8a-482c-857e-1be7e7001761,pat6,med6,2025-06-08T08:00:00Z,2025-06-08T08:15:00Z,taken,null,2025-06-08T08:34:00Z,,,
98c6b0f0-aaad-49c5-b2db-903be059e6b1,pat6,med6,2025-06-09T08:00:00Z,null,missed,Was traveling,2025-06-09T08:41:00Z,,,
d8756222-1de9-41f7-99cd-4efc50d99f24,pat6,med6,2025-06-10T08:00:00Z,2025-06-10T08:22:00Z,taken,null,2025-06-10T08:46:00Z,,,
2149b0d2-fd67-4aea-9599-97f9fda29a38,pat6,med6,2025-06-11T08:00:00Z,2025-06-11T08:24:00Z,taken,null,2025-06-11T08:34:00Z,,,
53d4e471-eb8d-4ec6-bc4d-049c4c4fe83f,pat6,med6,2025-06-12T08:00:00Z,2025-06-12T08:25:00Z,taken,null,2025-06-12T08:30:00Z,,,
7b6dcd5a-990e-460d-a6c1-5ae10678a42c,pat6,med6,2025-06-13T08:00:00Z,2025-06-13T08:15:00Z,taken,null,2025-06-13T08:44:00Z,,,
db26a9c2-2aee-49ed-8c9e-bdf345351f01,pat6,med6,2025-06-14T08:00:00Z,2025-06-14T08:51:00Z,taken,null,2025-06-14T09:08:00Z,Nausea,2,Mild stomach discomfort
66bf39db-5263-4eef-9068-f50caf8364c8,pat6,med6,2025-06-15T08:00:00Z,2025-06-15T08:07:00Z,taken,null,2025-06-15T08:24:00Z,Nausea,2,Mild stomach discomfort
35a79ae1-2f73-4d3a-994c-c1c686a18f5f,pat6,med6,2025-06-16T08:00:00Z,2025-06-16T08:32:00Z,taken,null,2025-06-16T08:47:00Z,,,
bc2b5c27-31d3-4f9d-81d8-619067c839c1,pat6,med6,2025-06-17T08:00:00Z,2025-06-17T08:29:00Z,taken,null,2025-06-17T08:43:00Z,Nausea,2,Mild stomach discomfort
c9ad05d1-c0ae-45c1-9a0e-910eeef5059a,pat6,med6,2025-06-18T08:00:00Z,2025-06-18T08:41:00Z,taken,null,2025-06-18T08:57:00Z,,,
91c36f4d-38b1-4d2e-a6c4-4d86ddf09614,pat6,med6,2025-06-19T08:00:00Z,2025-06-19T08:37:00Z,taken,null,2025-06-19T09:05:00Z,,,
1ddcb0c2-d214-41a5-b618-62916cd810ed,pat6,med6,2025-06-20T08:00:00Z,2025-06-20T08:12:00Z,taken,null,2025-06-20T08:28:00Z,,,
de2a4a09-073d-490d-993a-a565806fc193,pat6,med6,2025-06-21T08:00:00Z,2025-06-21T08:52:00Z,taken,null,2025-06-21T09:16:00Z,,,
175ff315-9cdf-4000-83bc-026738633031,pat6,med6,2025-06-22T08:00:00Z,2025-06-22T08:14:00Z,taken,null,2025-06-22T08:33:00Z,Fatigue,2,Tiredness throughout the day
f662a7ef-b470-48ee-921f-53d6525606c1,pat6,med6,2025-06-23T08:00:00Z,2025-06-23T08:39:00Z,taken,null,2025-06-23T08:47:00Z,Headache,4,Persistent pain
23e268ca-849c-449d-a628-1ebceb5a1351,pat6,med6,2025-06-24T08:00:00Z,2025-06-24T08:52:00Z,taken,null,2025-06-24T09:07:00Z,Headache,4,Persistent pain
23a24282-5359-46ec-90fa-d4a59fa943d0,pat6,med6,2025-06-25T08:00:00Z,2025-06-25T08:59:00Z,taken,null,2025-06-25T09:28:00Z,,,
5602789a-ceee-41d3-83b3-dce2b884054c,pat6,med6,2025-06-26T08:00:00Z,2025-06-26T08:51:00Z,taken,null,2025-06-26T08:59:00Z,,,
f217705a-596c-4451-8e90-870d4a3580d7,pat6,med6,2025-06-27T08:00:00Z,2025-06-27T08:48:00Z,taken,null,2025-06-27T08:53:00Z,Headache,4,Persistent pain
4d59706f-ac8e-4abb-820d-11852e169154,pat6,med6,2025-06-28T08:00:00Z,2025-06-28T08:14:00Z,taken,null,2025-06-28T08:32:00Z,Dizziness,3,Lightheadedness when standing
e592199c-cbf6-4cc8-b36f-f6e373f0b658,pat6,med6,2025-06-29T08:00:00Z,2025-06-29T08:23:00Z,taken,null,2025-06-29T08:44:00Z,Fatigue,2,Tiredness throughout the day
af92a96c-c4dc-4bba-a0a7-b21456f0d83b,pat6,med6,2025-06-30T08:00:00Z,2025-06-30T08:18:00Z,taken,null,2025-06-30T08:25:00Z,,,
6500cbbe-285e-46e1-90a5-6b47e62f0645,pat7,med7,2025-06-01T08:00:00Z,2025-06-01T08:15:00Z,taken,null,2025-06-01T08:45:00Z,,,
4d7176d6-bfa1-43b1-a733-58aa5fedeac5,pat7,med7,2025-06-02T08:00:00Z,2025-06-02T08:23:00Z,taken,null,2025-06-02T08:52:00Z,,,
cbd50914-d1cf-4cf6-9857-8d400b4adbc7,pat7,med7,2025-06-03T08:00:00Z,2025-06-03T08:56:00Z,taken,null,2025-06-03T09:07:00Z,Nausea,2,Mild stomach discomfort
a4b7e74a-2dc6-4fae-8f34-7ce3d802f48c,pat7,med7,2025-06-04T08:00:00Z,2025-06-04T08:40:00Z,taken,null,2025-06-04T08:46:00Z,Dizziness,3,Lightheadedness when standing
3d8037b5-6a2c-4992-9591-2e45802a211b,pat7,med7,2025-06-06T08:00:00Z,2025-06-06T08:35:00Z,taken,null,2025-06-06T08:50:00Z,Dizziness,3,Lightheadedness when standing
7e27d397-5d63-49a2-b494-119fc9097ca5,pat7,med7,2025-06-06T08:00:00Z,2025-06-06T08:15:00Z,taken,null,2025-06-06T08:38:00Z,Headache,4,Persistent pain
bb70a017-8231-4b31-938b-0ba3b53ed829,pat7,med7,2025-06-07T08:00:00Z,null,missed,Was traveling,2025-06-07T08:10:00Z,,,
9905d24c-a5b3-41e2-8030-b527aa8bf4b9,pat7,med7,2025-06-08T08:00:00Z,2025-06-08T08:32:00Z,taken,null,2025-06-08T09:00:00Z,,,
7e661b0c-7537-479a-9934-2301b24e8857,pat7,med7,2025-06-09T08:00:00Z,null,missed,Forgot to take,2025-06-09T08:41:00Z,,,
cec38a0f-cb7e-4fad-858f-d4cdad61ad14,pat7,med7,2025-06-10T08:00:00Z,2025-06-10T08:15:00Z,taken,null,2025-06-10T08:32:00Z,Fatigue,2,Tiredness throughout the day
a0455361-00fd-40ec-99e8-3a00eab6b7f3,pat7,med7,2025-06-11T08:00:00Z,2025-06-11T08:13:00Z,taken,null,2025-06-11T08:19:00Z,,,
2e6f66b7-1b59-4c86-9651-e78e191d4efe,pat7,med7,2025-06-12T08:00:00Z,2025-06-12T08:12:00Z,taken,null,2025-06-12T08:31:00Z,,,
64f8b215-9b77-4eb8-a6c5-f758d8158bc5,pat7,med7,2025-06-13T08:00:00Z,2025-06-13T08:53:00Z,taken,null,2025-06-13T09:03:00Z,Dizziness,3,Lightheadedness when standing
bcf74d91-44c7-4209-8ba5-528660dc834c,pat7,med7,2025-06-14T08:00:00Z,2025-06-14T08:18:00Z,taken,null,2025-06-14T08:36:00Z,Nausea,2,Mild stomach discomfort
d7f5f178-1031-4659-90a0-cd1b0271f395,pat7,med7,2025-06-15T08:00:00Z,2025-06-15T08:34:00Z,taken,null,2025-06-15T08:54:00Z,,,
9c3f9ffb-a35e-4fb7-bc17-d8108b9e6440,pat7,med7,2025-06-16T08:00:00Z,2025-06-16T08:59:00Z,taken,null,2025-06-16T09:14:00Z,,,
e3aa4442-8f91-45b3-bde1-937acb34f4fe,pat7,med7,2025-06-17T08:00:00Z,null,missed,Felt unwell,2025-06-17T08:44:00Z,,,
2fa8e344-616a-4b25-bb91-3b8a2284118b,pat7,med7,2025-06-18T08:00:00Z,2025-06-18T08:02:00Z,taken,null,2025-06-18T08:16:00Z,,,
059e3192-1a3b-4b1d-8bda-3fbb918047a8,pat7,med7,2025-06-19T08:00:00Z,2025-06-19T08:54:00Z,taken,null,2025-06-19T09:04:00Z,,,
c4875b38-f380-40a7-b0b9-e533c5420d60,pat7,med7,2025-06-20T08:00:00Z,2025-06-20T08:44:00Z,taken,null,2025-06-20T09:00:00Z,,,
b803160b-1745-4eda-b444-f27e54685f23,pat7,med7,2025-06-21T08:00:00Z,2025-06-21T08:13:00Z,taken,null,2025-06-21T08:41:00Z,,,
38094c22-8a7a-4755-b4f0-1ef8ea108bf8,pat7,med7,2025-06-22T08:00:00Z,2025-06-22T08:44:00Z,taken,null,2025-06-22T08:53:00Z,Nausea,2,Mild stomach discomfort
728844b9-e052-4114-a8f7-41ee3b3a2934,pat7,med7,2025-06-23T08:00:00Z,2025-06-23T08:12:00Z,taken,null,2025-06-23T08:17:00Z,Fatigue,2,Tiredness throughout the day
3cccafed-6b0f-4dec-b442-8495f4374e92,pat7,med7,2025-06-24T08:00:00Z,null,missed,Out of medication,2025-06-24T08:11:00Z,,,
ad73f4e1-4f79-4d82-a3c7-5c7f9cebae1f,pat7,med7,2025-06-25T08:00:00Z,2025-06-25T08:29:00Z,taken,null,2025-06-25T08:48:00Z,Dizziness,3,Lightheadedness when standing
ec08972c-d5bd-4dfa-bd4d-928d8c3ad6dc,pat7,med7,2025-06-26T08:00:00Z,2025-06-26T09:00:00Z,taken,null,2025-06-26T09:05:00Z,,,
fbf4fd89-ca12-461d-8fd0-316923c669c5,pat7,med7,2025-06-27T08:00:00Z,2025-06-27T08:55:00Z,taken,null,2025-06-27T09:17:00Z,Nausea,2,Mild stomach discomfort
21016858-b430-4872-a79a-4df8c7910fd0,pat7,med7,2025-06-28T08:00:00Z,2025-06-28T08:20:00Z,taken,null,2025-06-28T08:31:00Z,Nausea,2,Mild stomach discomfort
af216302-3479-44a1-b0a0-2892fa5219b4,pat7,med7,2025-06-29T08:00:00Z,2025-06-29T08:02:00Z,taken,null,2025-06-29T08:24:00Z,,,
8c57a315-d297-4ea5-9027-8e7d7aece4a9,pat7,med7,2025-06-30T08:00:00Z,null,missed,Felt unwell,2025-06-30T08:37:00Z,,,
907f9188-94b0-49a7-b588-81bc9327813c,pat8,med8,2025-06-01T08:00:00Z,2025-06-01T08:44:00Z,taken,null,2025-06-01T09:13:00Z,Dizziness,3,Lightheadedness when standing
dacaa6a2-f385-4005-b67f-0ee27aae6521,pat8,med8,2025-06-02T08:00:00Z,2025-06-02T08:34:00Z,taken,null,2025-06-02T08:39:00Z,,,
56109a1d-f454-4674-a5cc-f86261a889d3,pat8,med8,2025-06-03T08:00:00Z,2025-06-03T08:04:00Z,taken,null,2025-06-03T08:11:00Z,,,
3068ae08-62d2-4875-979e-75b294dd8412,pat8,med8,2025-06-04T08:00:00Z,2025-06-04T08:08:00Z,taken,null,2025-06-04T08:36:00Z,,,
33faeb5f-b919-4e6f-b07b-45d954362fe3,pat8,med8,2025-06-06T08:00:00Z,2025-06-06T08:17:00Z,taken,null,2025-06-06T08:24:00Z,,,
4b155ecf-0ba4-442e-95b4-76e2f34ffde2,pat8,med8,2025-06-06T08:00:00Z,2025-06-06T08:54:00Z,taken,null,2025-06-06T09:17:00Z,Headache,4,Persistent pain
e64ae56e-d7a4-4d3a-a4c6-390f09d689dd,pat8,med8,2025-06-07T08:00:00Z,2025-06-07T08:31:00Z,taken,null,2025-06-07T08:40:00Z,,,
f020cfc5-1afa-4f22-b4b8-1fef12896c4b,pat8,med8,2025-06-08T08:00:00Z,2025-06-08T08:39:00Z,taken,null,2025-06-08T09:08:00Z,,,
a1074934-86c2-492e-897a-0f777cb09235,pat8,med8,2025-06-09T08:00:00Z,null,missed,Forgot to take,2025-06-09T08:10:00Z,,,
9b38d121-02a9-4ec7-ab34-715cc3b4153d,pat8,med8,2025-06-10T08:00:00Z,2025-06-10T08:21:00Z,taken,null,2025-06-10T08:43:00Z,,,
9c3f55af-d4b6-49ce-8241-e83e9134d89c,pat8,med8,2025-06-11T08:00:00Z,2025-06-11T08:49:00Z,taken,null,2025-06-11T09:12:00Z,Fatigue,2,Tiredness throughout the day
9c4aa970-9ee7-42aa-a600-1e8212c277f5,pat8,med8,2025-06-12T08:00:00Z,2025-06-12T08:57:00Z,taken,null,2025-06-12T09:07:00Z,Nausea,2,Mild stomach discomfort
87f7ba35-8416-44fe-a6a6-94326d3932bc,pat8,med8,2025-06-13T08:00:00Z,2025-06-13T08:39:00Z,taken,null,2025-06-13T08:58:00Z,,,
5002c94f-9274-48f4-80ee-9edeb1f869e9,pat8,med8,2025-06-14T08:00:00Z,2025-06-14T08:45:00Z,taken,null,2025-06-14T08:56:00Z,,,
2a757aa0-104d-4ee7-97fe-6af37d15c7c4,pat8,med8,2025-06-15T08:00:00Z,2025-06-15T08:18:00Z,taken,null,2025-06-15T08:40:00Z,,,
81adcc30-c72c-42d4-90d9-32ef5092755f,pat8,med8,2025-06-16T08:00:00Z,2025-06-16T08:33:00Z,taken,null,2025-06-16T08:48:00Z,,,
9db0a6af-407c-420f-82f5-8bed488f18a1,pat8,med8,2025-06-17T08:00:00Z,2025-06-17T09:00:00Z,taken,null,2025-06-17T09:25:00Z,,,
d54a25e2-4abe-43cc-acd2-8f480a743c6a,pat8,med8,2025-06-18T08:00:00Z,2025-06-18T08:20:00Z,taken,null,2025-06-18T08:25:00Z,,,
1c81826f-7428-49ff-9425-aa62493b9f67,pat8,med8,2025-06-19T08:00:00Z,2025-06-19T08:08:00Z,taken,null,2025-06-19T08:25:00Z,Fatigue,2,Tiredness throughout the day
b5346373-87e0-4dd8-9193-8a81125a5777,pat8,med8,2025-06-20T08:00:00Z,2025-06-20T08:59:00Z,taken,null,2025-06-20T09:17:00Z,Headache,4,Persistent pain
49285c97-ce70-4c01-9e26-fc91fe5f5e0d,pat8,med8,2025-06-21T08:00:00Z,2025-06-21T08:36:00Z,taken,null,2025-06-21T08:48:00Z,,,
35d64f90-bfba-453c-97cc-94fb9c3eaabe,pat8,med8,2025-06-22T08:00:00Z,2025-06-22T08:24:00Z,taken,null,2025-06-22T08:33:00Z,Headache,4,Persistent pain
7e1b5deb-9012-42df-b188-d4461948eb71,pat8,med8,2025-06-23T08:00:00Z,2025-06-23T08:10:00Z,taken,null,2025-06-23T08:16:00Z,Nausea,2,Mild stomach discomfort
356c65e9-a4ee-45ce-bcdf-f1207d4279fc,pat8,med8,2025-06-24T08:00:00Z,2025-06-24T08:49:00Z,taken,null,2025-06-24T09:05:00Z,Nausea,2,Mild stomach discomfort
8a0eec30-1a20-4b08-b03e-a8dcbef6c092,pat8,med8,2025-06-25T08:00:00Z,2025-06-25T08:19:00Z,taken,null,2025-06-25T08:44:00Z,,,
4eac8db1-5d2d-42ea-b0e5-af1e29d4cae6,pat8,med8,2025-06-26T08:00:00Z,2025-06-26T08:29:00Z,taken,null,2025-06-26T08:56:00Z,,,
ff283264-1727-4b1f-9bfb-192e1cda5f05,pat8,med8,2025-06-27T08:00:00Z,2025-06-27T08:08:00Z,taken,null,2025-06-27T08:24:00Z,Headache,4,Persistent pain
fbd04b90-7389-4be6-a99a-5016ad5b79ad,pat8,med8,2025-06-28T08:00:00Z,2025-06-28T08:04:00Z,taken,null,2025-06-28T08:20:00Z,,,
3823e867-5115-4ae6-84db-d3443eef9469,pat8,med8,2025-06-29T08:00:00Z,2025-06-29T08:14:00Z,taken,null,2025-06-29T08:35:00Z,,,
4d3c178e-30d3-49a1-b184-340560b16374,pat8,med8,2025-06-30T08:00:00Z,null,missed,Forgot to take,2025-06-30T08:46:00Z,,,
a7c4d182-b34b-442f-9821-30c76b8136dd,pat9,med9,2025-06-01T08:00:00Z,2025-06-01T08:23:00Z,taken,null,2025-06-01T08:50:00Z,,,
ad406890-ba3b-46f5-aa0c-f994c22d8185,pat9,med9,2025-06-02T08:00:00Z,2025-06-02T08:31:00Z,taken,null,2025-06-02T08:50:00Z,,,
437bd48f-3cc5-4a6f-981d-9e891c652aba,pat9,med9,2025-06-03T08:00:00Z,2025-06-03T08:01:00Z,taken,null,2025-06-03T08:13:00Z,Dizziness,3,Lightheadedness when standing
a5a862f0-ef72-4ce3-a7fb-f51fd93ea760,pat9,med9,2025-06-04T08:00:00Z,2025-06-04T08:54:00Z,taken,null,2025-06-04T09:12:00Z,Dizziness,3,Lightheadedness when standing
148e6a1e-8428-4681-8e5e-45d94151033b,pat9,med9,2025-06-06T08:00:00Z,2025-06-06T08:01:00Z,taken,null,2025-06-06T08:08:00Z,,,
0379441e-88d9-41e4-8199-41119ac1f377,pat9,med9,2025-06-06T08:00:00Z,2025-06-06T08:30:00Z,taken,null,2025-06-06T08:55:00Z,,,
271cfeb0-aa2c-4bf6-ac59-9d1d6a439560,pat9,med9,2025-06-07T08:00:00Z,2025-06-07T08:46:00Z,taken,null,2025-06-07T09:16:00Z,Dizziness,3,Lightheadedness when standing
05042b9a-c4eb-4c07-8538-ecab66310cea,pat9,med9,2025-06-08T08:00:00Z,2025-06-08T08:11:00Z,taken,null,2025-06-08T08:24:00Z,,,
15216cb0-e959-4150-bcac-3e2f67187b3a,pat9,med9,2025-06-09T08:00:00Z,2025-06-09T08:16:00Z,taken,null,2025-06-09T08:24:00Z,Dizziness,3,Lightheadedness when standing
10d1969f-0e7c-449b-8a5e-09cfc0eea651,pat9,med9,2025-06-10T08:00:00Z,2025-06-10T08:02:00Z,taken,null,2025-06-10T08:19:00Z,,,
78105393-d9da-4996-80c3-8f437a3838a8,pat9,med9,2025-06-11T08:00:00Z,null,missed,Was traveling,2025-06-11T08:20:00Z,,,
4e21cc35-a4d2-4a9e-b936-31a9acbc2226,pat9,med9,2025-06-12T08:00:00Z,2025-06-12T08:01:00Z,taken,null,2025-06-12T08:29:00Z,Headache,4,Persistent pain
49cb0768-622f-4f2d-8fb9-badaf3a31ba4,pat9,med9,2025-06-13T08:00:00Z,2025-06-13T08:41:00Z,taken,null,2025-06-13T09:11:00Z,Nausea,2,Mild stomach discomfort
7d41ba3b-087a-4adf-b74f-e4138d8b742d,pat9,med9,2025-06-14T08:00:00Z,2025-06-14T08:36:00Z,taken,null,2025-06-14T08:53:00Z,,,
5d63e865-df0f-4084-a777-c9edf0ec8058,pat9,med9,2025-06-15T08:00:00Z,2025-06-15T08:12:00Z,taken,null,2025-06-15T08:30:00Z,,,
73747515-c81f-42d8-a951-1ed8b01b80c0,pat9,med9,2025-06-16T08:00:00Z,2025-06-16T09:00:00Z,taken,null,2025-06-16T09:09:00Z,Dizziness,3,Lightheadedness when standing
be7e55df-47e0-44ad-ba74-fdb101f1ea77,pat9,med9,2025-06-17T08:00:00Z,null,missed,Forgot to take,2025-06-17T08:46:00Z,,,
cc6b765b-0ddf-4661-86d2-242cb0765352,pat9,med9,2025-06-18T08:00:00Z,2025-06-18T08:44:00Z,taken,null,2025-06-18T09:05:00Z,,,
5122d991-714e-41b2-8017-89112b909ba6,pat9,med9,2025-06-19T08:00:00Z,2025-06-19T08:09:00Z,taken,null,2025-06-19T08:27:00Z,,,
9e666491-7b46-4f95-9110-19a5ec444913,pat9,med9,2025-06-20T08:00:00Z,null,missed,Was traveling,2025-06-20T08:41:00Z,,,
2b390d44-fd58-4db2-80ee-becab423f0d1,pat9,med9,2025-06-21T08:00:00Z,null,missed,Forgot to take,2025-06-21T08:46:00Z,,,
2b73f6e2-e382-4b95-aad1-b98b4e2df8ae,pat9,med9,2025-06-22T08:00:00Z,null,missed,Out of medication,2025-06-22T08:48:00Z,,,
eecd66bc-8bad-4e99-b60e-75de1da6ef15,pat9,med9,2025-06-23T08:00:00Z,2025-06-23T08:34:00Z,taken,null,2025-06-23T08:44:00Z,,,
d3bd435f-0b0f-49c4-af5a-939943c64e7e,pat9,med9,2025-06-24T08:00:00Z,2025-06-24T08:43:00Z,taken,null,2025-06-24T09:12:00Z,Dizziness,3,Lightheadedness when standing
1119ada7-5661-434b-9b1a-13e07417df8b,pat9,med9,2025-06-25T08:00:00Z,2025-06-25T08:36:00Z,taken,null,2025-06-25T08:43:00Z,,,
095b22bd-fdfa-4c79-894b-f16425bd8572,pat9,med9,2025-06-26T08:00:00Z,2025-06-26T08:11:00Z,taken,null,2025-06-26T08:23:00Z,,,
9ad40117-c3e2-4605-9080-f50984fa5747,pat9,med9,2025-06-27T08:00:00Z,2025-06-27T08:26:00Z,taken,null,2025-06-27T08:47:00Z,,,
4a16afd6-224a-483d-ad7f-b1c77691cb72,pat9,med9,2025-06-28T08:00:00Z,2025-06-28T08:59:00Z,taken,null,2025-06-28T09:06:00Z,,,
1e20dba1-2703-4b9f-abb3-9146e35bb81c,pat9,med9,2025-06-29T08:00:00Z,null,missed,Forgot to take,2025-06-29T08:33:00Z,,,
6ad219d9-d920-41bc-a03d-2020041b2a75,pat9,med9,2025-06-30T08:00:00Z,2025-06-30T08:39:00Z,taken,null,2025-06-30T08:51:00Z,,,
b0369843-8772-4d51-8cb7-3b976ef75991,pat10,med10,2025-06-01T08:00:00Z,2025-06-01T08:11:00Z,taken,null,2025-06-01T08:37:00Z,,,
f9026d17-f106-4945-8018-0ffb5251e315,pat10,med10,2025-06-02T08:00:00Z,2025-06-02T08:13:00Z,taken,null,2025-06-02T08:39:00Z,Nausea,2,Mild stomach discomfort
6d433d0f-153c-46e0-ae6b-59694bb18365,pat10,med10,2025-06-03T08:00:00Z,2025-06-03T08:40:00Z,taken,null,2025-06-03T09:07:00Z,,,
1a7f04ba-2780-490a-a17a-a1f009b77f7c,pat10,med10,2025-06-04T08:00:00Z,2025-06-04T08:56:00Z,taken,null,2025-06-04T09:06:00Z,,,
4d2e3903-95bf-4d4a-834c-feba18521f4f,pat10,med10,2025-06-06T08:00:00Z,2025-06-06T08:09:00Z,taken,null,2025-06-06T08:31:00Z,Nausea,2,Mild stomach discomfort
f1bf6ba6-b78a-4db1-a51f-07ed77775718,pat10,med10,2025-06-06T08:00:00Z,2025-06-06T08:03:00Z,taken,null,2025-06-06T08:25:00Z,,,
1bbc1699-86aa-4309-aca0-85f4e2569f36,pat10,med10,2025-06-07T08:00:00Z,2025-06-07T08:55:00Z,taken,null,2025-06-07T09:12:00Z,,,
2095df9a-9242-4be0-a77e-1539c1048009,pat10,med10,2025-06-08T08:00:00Z,2025-06-08T08:33:00Z,taken,null,2025-06-08T08:43:00Z,Dizziness,3,Lightheadedness when standing
7a1b3ab6-e644-4177-9f62-d4f105e214b9,pat10,med10,2025-06-09T08:00:00Z,2025-06-09T08:44:00Z,taken,null,2025-06-09T09:00:00Z,Fatigue,2,Tiredness throughout the day
247fc471-aec2-4d3e-85b1-0e381a82ec76,pat10,med10,2025-06-10T08:00:00Z,2025-06-10T08:06:00Z,taken,null,2025-06-10T08:15:00Z,Nausea,2,Mild stomach discomfort
610d38fe-86cc-41cc-ba97-83cc244e82f4,pat10,med10,2025-06-11T08:00:00Z,2025-06-11T08:06:00Z,taken,null,2025-06-11T08:17:00Z,Fatigue,2,Tiredness throughout the day
da17772e-9b06-4522-a774-b3336e2dbb2f,pat10,med10,2025-06-12T08:00:00Z,2025-06-12T08:43:00Z,taken,null,2025-06-12T09:11:00Z,,,
a7462aeb-fae6-492a-869c-a71d95a943bc,pat10,med10,2025-06-13T08:00:00Z,2025-06-13T08:14:00Z,taken,null,2025-06-13T08:26:00Z,,,
f5811547-d3c6-4127-b2fe-4709213af20b,pat10,med10,2025-06-14T08:00:00Z,2025-06-14T08:13:00Z,taken,null,2025-06-14T08:26:00Z,,,
d6025afb-0e29-4738-ac2e-6037bb132012,pat10,med10,2025-06-15T08:00:00Z,2025-06-15T08:03:00Z,taken,null,2025-06-15T08:15:00Z,,,
d03d8e75-b3d0-48ae-9ca2-c2c7ba84e952,pat10,med10,2025-06-16T08:00:00Z,2025-06-16T08:19:00Z,taken,null,2025-06-16T08:45:00Z,Dizziness,3,Lightheadedness when standing
1e3094dc-2c9e-415c-a3fc-b11e5a9ab198,pat10,med10,2025-06-17T08:00:00Z,2025-06-17T08:19:00Z,taken,null,2025-06-17T08:26:00Z,,,
79feda24-0e42-4d87-be0f-713036434f6a,pat10,med10,2025-06-18T08:00:00Z,2025-06-18T08:13:00Z,taken,null,2025-06-18T08:36:00Z,,,
1d4d319f-6489-45d1-a31c-6460f0be2aca,pat10,med10,2025-06-19T08:00:00Z,2025-06-19T08:41:00Z,taken,null,2025-06-19T08:47:00Z,,,
1a296e41-40b4-4950-a51d-708f6c9ccd67,pat10,med10,2025-06-20T08:00:00Z,2025-06-20T08:13:00Z,taken,null,2025-06-20T08:21:00Z,,,
0d61cc58-c185-49ce-8ac7-e5f24dbf3a0b,pat10,med10,2025-06-21T08:00:00Z,2025-06-21T08:40:00Z,taken,null,2025-06-21T08:50:00Z,Dizziness,3,Lightheadedness when standing
b75d5b03-efd3-45ed-a627-62cb45c0805f,pat10,med10,2025-06-22T08:00:00Z,null,missed,Out of medication,2025-06-22T08:46:00Z,,,
4d031c03-9c83-4364-9dd5-ccf7ff865f5b,pat10,med10,2025-06-23T08:00:00Z,2025-06-23T08:34:00Z,taken,null,2025-06-23T08:49:00Z,,,
c7dd1c04-de16-45ce-a60e-c9e5782f8721,pat10,med10,2025-06-24T08:00:00Z,null,missed,Felt unwell,2025-06-24T08:35:00Z,,,
ecc3c117-06b0-4cd6-b55a-7d4c12975455,pat10,med10,2025-06-25T08:00:00Z,null,missed,Forgot to take,2025-06-25T08:35:00Z,,,
3706d872-6a1e-47c2-9684-def5830d6c27,pat10,med10,2025-06-26T08:00:00Z,null,missed,Was traveling,2025-06-26T08:42:00Z,,,
848fddb5-5551-444d-aca3-4171a248241d,pat10,med10,2025-06-27T08:00:00Z,null,missed,Felt unwell,2025-06-27T08:14:00Z,,,
48c485d5-d089-4dfb-a698-ff38b6a47a90,pat10,med10,2025-06-28T08:00:00Z,2025-06-28T08:32:00Z,taken,null,2025-06-28T08:50:00Z,Fatigue,2,Tiredness throughout the day
2cebec01-9f29-4e3d-bd6d-14b6e5eb3d26,pat10,med10,2025-06-29T08:00:00Z,2025-06-29T08:37:00Z,taken,null,2025-06-29T08:50:00Z,,,
bc7d1d99-28f2-4f5a-bf32-faa17970b848,pat10,med10,2025-06-30T08:00:00Z,2025-06-30T08:19:00Z,taken,null,2025-06-30T08:40:00Z,,,
10dd17ee-0366-4bac-b484-10122afb2f6e,pat11,med11,2025-06-01T08:00:00Z,2025-06-01T08:05:00Z,taken,null,2025-06-01T08:31:00Z,,,
59596d53-cb44-4e5c-91bd-bc06b149369f,pat11,med11,2025-06-02T08:00:00Z,2025-06-02T08:45:00Z,taken,null,2025-06-02T09:12:00Z,,,
409ccd5c-3dec-4054-ae80-59c3c18615be,pat11,med11,2025-06-03T08:00:00Z,2025-06-03T08:46:00Z,taken,null,2025-06-03T08:58:00Z,Headache,4,Persistent pain
22239af7-8068-4017-add5-2eaf259fa93a,pat11,med11,2025-06-04T08:00:00Z,2025-06-04T08:15:00Z,taken,null,2025-06-04T08:34:00Z,Dizziness,3,Lightheadedness when standing
4be82770-e873-42c3-8620-eac23c526149,pat11,med11,2025-06-06T08:00:00Z,2025-06-06T08:30:00Z,taken,null,2025-06-06T08:36:00Z,,,
fcf272be-5705-4233-8875-cb1b7c55b825,pat11,med11,2025-06-06T08:00:00Z,2025-06-06T08:56:00Z,taken,null,2025-06-06T09:08:00Z,Dizziness,3,Lightheadedness when standing
865edce2-b015-4621-9a73-6c5ee3f3ba15,pat11,med11,2025-06-07T08:00:00Z,2025-06-07T08:54:00Z,taken,null,2025-06-07T09:04:00Z,Headache,4,Persistent pain
ed075a52-6287-4e2b-8e3c-d0b24575caf5,pat11,med11,2025-06-08T08:00:00Z,2025-06-08T08:43:00Z,taken,null,2025-06-08T09:06:00Z,Dizziness,3,Lightheadedness when standing
d52228df-6a05-4872-9fea-23089cf19f8e,pat11,med11,2025-06-09T08:00:00Z,2025-06-09T08:44:00Z,taken,null,2025-06-09T08:54:00Z,,,
893c7897-24b7-43b3-abe6-d96eb999f711,pat11,med11,2025-06-10T08:00:00Z,2025-06-10T08:38:00Z,taken,null,2025-06-10T08:44:00Z,Headache,4,Persistent pain
7e995725-1927-41ee-a881-549ff7097813,pat11,med11,2025-06-11T08:00:00Z,2025-06-11T08:43:00Z,taken,null,2025-06-11T08:49:00Z,Nausea,2,Mild stomach discomfort
f2fce043-9e52-45d3-887f-eadf99aca94c,pat11,med11,2025-06-12T08:00:00Z,2025-06-12T08:11:00Z,taken,null,2025-06-12T08:21:00Z,,,
8e16580d-cd85-4a68-95fd-da1cf102dc01,pat11,med11,2025-06-13T08:00:00Z,2025-06-13T08:44:00Z,taken,null,2025-06-13T09:06:00Z,,,
fb0b5898-5399-4348-9a3d-9a4d06113d62,pat11,med11,2025-06-14T08:00:00Z,2025-06-14T08:08:00Z,taken,null,2025-06-14T08:22:00Z,,,
69694ab5-60d9-43b8-86e4-a2e69b08f4f6,pat11,med11,2025-06-15T08:00:00Z,2025-06-15T08:48:00Z,taken,null,2025-06-15T08:55:00Z,,,
69cd224e-7eb8-4e33-9098-92faa0b85140,pat11,med11,2025-06-16T08:00:00Z,2025-06-16T08:31:00Z,taken,null,2025-06-16T08:38:00Z,Dizziness,3,Lightheadedness when standing
1390216b-da64-4100-8ddd-e0e78049358d,pat11,med11,2025-06-17T08:00:00Z,null,missed,Was traveling,2025-06-17T08:26:00Z,,,
cace0c25-95e9-4345-b958-3e3863f91d51,pat11,med11,2025-06-18T08:00:00Z,2025-06-18T08:10:00Z,taken,null,2025-06-18T08:35:00Z,Headache,4,Persistent pain
59074e59-ffc1-467a-9b9b-566e0625d075,pat11,med11,2025-06-19T08:00:00Z,2025-06-19T08:41:00Z,taken,null,2025-06-19T08:54:00Z,,,
9383886f-e070-4f7d-976b-9d8f60f93a3b,pat11,med11,2025-06-20T08:00:00Z,2025-06-20T08:27:00Z,taken,null,2025-06-20T08:40:00Z,Headache,4,Persistent pain
0a2d9555-94dd-40a9-ae49-c71a95de1822,pat11,med11,2025-06-21T08:00:00Z,2025-06-21T08:15:00Z,taken,null,2025-06-21T08:22:00Z,,,
f457d09f-756c-4371-b23b-8886ed75bcd2,pat11,med11,2025-06-22T08:00:00Z,null,missed,Felt unwell,2025-06-22T08:39:00Z,,,
276f069b-8c81-44e7-8a53-848196dfaff7,pat11,med11,2025-06-23T08:00:00Z,2025-06-23T08:03:00Z,taken,null,2025-06-23T08:08:00Z,,,
43ee4972-5fbc-4294-8bf9-6437b7e0200c,pat11,med11,2025-06-24T08:00:00Z,null,missed,Felt unwell,2025-06-24T08:38:00Z,,,
b57e7e18-cf61-4a45-978b-493d91d2bff1,pat11,med11,2025-06-25T08:00:00Z,2025-06-25T08:03:00Z,taken,null,2025-06-25T08:31:00Z,Headache,4,Persistent pain
c9ad85e8-5b1a-4672-8b47-165b88d9e222,pat11,med11,2025-06-26T08:00:00Z,2025-06-26T08:03:00Z,taken,null,2025-06-26T08:16:00Z,Fatigue,2,Tiredness throughout the day
33531cc3-ead6-4a24-8443-d7d62ff3591a,pat11,med11,2025-06-27T08:00:00Z,null,missed,Forgot to take,2025-06-27T08:12:00Z,,,
7908c427-56cb-4543-8f93-46048886493e,pat11,med11,2025-06-28T08:00:00Z,2025-06-28T08:03:00Z,taken,null,2025-06-28T08:31:00Z,,,
baebce8f-060e-4e59-ae9d-a4e75ea37115,pat11,med11,2025-06-29T08:00:00Z,2025-06-29T08:30:00Z,taken,null,2025-06-29T08:48:00Z,Headache,4,Persistent pain
485b40bb-418f-44eb-a568-c12d1ab52bc9,pat11,med11,2025-06-30T08:00:00Z,2025-06-30T08:17:00Z,taken,null,2025-06-30T08:42:00Z,,,
452de7f7-24ea-481f-885e-13d4be1166e5,pat12,med12,2025-06-01T08:00:00Z,2025-06-01T08:09:00Z,taken,null,2025-06-01T08:33:00Z,,,
fd871114-d94a-4b10-ac75-eb781036126f,pat12,med12,2025-06-02T08:00:00Z,2025-06-02T08:54:00Z,taken,null,2025-06-02T09:10:00Z,Dizziness,3,Lightheadedness when standing
42c8763e-3ebd-472c-bc31-a8e43fb268a3,pat12,med12,2025-06-03T08:00:00Z,2025-06-03T08:34:00Z,taken,null,2025-06-03T08:48:00Z,,,
38e52f09-19f8-4a6a-8c95-79552f6bcdb4,pat12,med12,2025-06-04T08:00:00Z,2025-06-04T08:54:00Z,taken,null,2025-06-04T09:01:00Z,,,
605a501d-c70a-4063-905c-65fc087cc51b,pat12,med12,2025-06-06T08:00:00Z,2025-06-06T08:02:00Z,taken,null,2025-06-06T08:16:00Z,,,
db53a753-af6f-4dd3-bded-ee8e40785f95,pat12,med12,2025-06-06T08:00:00Z,2025-06-06T08:02:00Z,taken,null,2025-06-06T08:22:00Z,,,
60749fd5-e017-409f-b737-95b57c05a8be,pat12,med12,2025-06-07T08:00:00Z,2025-06-07T08:31:00Z,taken,null,2025-06-07T08:49:00Z,,,
9f36916b-e614-4bb1-9209-699b6255db12,pat12,med12,2025-06-08T08:00:00Z,2025-06-08T08:34:00Z,taken,null,2025-06-08T08:40:00Z,,,
1b0ef3fa-fa82-43d3-ae75-09a7d5f90b4a,pat12,med12,2025-06-09T08:00:00Z,2025-06-09T08:59:00Z,taken,null,2025-06-09T09:29:00Z,,,
e01a35f9-db60-4b5b-898c-76885c246d14,pat12,med12,2025-06-10T08:00:00Z,null,missed,Felt unwell,2025-06-10T08:57:00Z,,,
3696ccd0-db56-44bb-ab52-13399d8b179b,pat12,med12,2025-06-11T08:00:00Z,2025-06-11T09:00:00Z,taken,null,2025-06-11T09:28:00Z,Dizziness,3,Lightheadedness when standing
65f0667b-5692-479c-a76e-c9778360dc33,pat12,med12,2025-06-12T08:00:00Z,null,missed,Out of medication,2025-06-12T08:40:00Z,,,
cb5176a4-348c-4a9c-9c5e-61a04c23a572,pat12,med12,2025-06-13T08:00:00Z,null,missed,Felt unwell,2025-06-13T08:22:00Z,,,
f008328f-bc10-4426-b8d5-65db94737976,pat12,med12,2025-06-14T08:00:00Z,2025-06-14T08:23:00Z,taken,null,2025-06-14T08:45:00Z,,,
b1165e82-3234-4ec3-9793-529bff36dcbe,pat12,med12,2025-06-15T08:00:00Z,2025-06-15T08:05:00Z,taken,null,2025-06-15T08:23:00Z,,,
59358f5c-83f5-419b-95c9-83d61668288c,pat12,med12,2025-06-16T08:00:00Z,2025-06-16T08:51:00Z,taken,null,2025-06-16T08:58:00Z,,,
4014aff1-b06c-4cb3-ad71-13b199428398,pat12,med12,2025-06-17T08:00:00Z,2025-06-17T08:28:00Z,taken,null,2025-06-17T08:54:00Z,,,
f5dddd90-3d9b-4dcc-8a45-feb6283c2216,pat12,med12,2025-06-18T08:00:00Z,null,missed,Felt unwell,2025-06-18T08:20:00Z,,,
0ed61878-0da5-4cf2-925b-0f7bc669e140,pat12,med12,2025-06-19T08:00:00Z,null,missed,Felt unwell,2025-06-19T08:37:00Z,,,
58bbf681-7ce8-4f0e-8d03-59314c73d7f2,pat12,med12,2025-06-20T08:00:00Z,2025-06-20T08:01:00Z,taken,null,2025-06-20T08:24:00Z,Fatigue,2,Tiredness throughout the day
b7e051ec-d462-49f2-a589-c72b89410d2b,pat12,med12,2025-06-21T08:00:00Z,2025-06-21T08:56:00Z,taken,null,2025-06-21T09:01:00Z,,,
eda5c1e4-d887-4cce-9c02-015098dd2cc3,pat12,med12,2025-06-22T08:00:00Z,2025-06-22T08:32:00Z,taken,null,2025-06-22T08:50:00Z,,,
dec85349-4a08-4a48-b0fe-26d0a0f1d4ab,pat12,med12,2025-06-23T08:00:00Z,2025-06-23T08:23:00Z,taken,null,2025-06-23T08:37:00Z,Fatigue,2,Tiredness throughout the day
d64159cd-ff8f-408e-8c19-91c405669f14,pat12,med12,2025-06-24T08:00:00Z,2025-06-24T08:31:00Z,taken,null,2025-06-24T08:52:00Z,,,
4a9ba359-755c-44b4-8ee1-b013858d2c44,pat12,med12,2025-06-25T08:00:00Z,null,missed,Forgot to take,2025-06-25T08:13:00Z,,,
eaa38371-1910-4b2d-a246-d0ed7e512ea9,pat12,med12,2025-06-26T08:00:00Z,2025-06-26T08:47:00Z,taken,null,2025-06-26T09:05:00Z,,,
6c9c60da-fda6-48ac-9730-57edf17c6c7f,pat12,med12,2025-06-27T08:00:00Z,2025-06-27T08:43:00Z,taken,null,2025-06-27T08:51:00Z,,,
b7c19b10-863f-4030-8d9a-fa9d78e47253,pat12,med12,2025-06-28T08:00:00Z,2025-06-28T08:47:00Z,taken,null,2025-06-28T08:55:00Z,,,
27012184-dc7c-45ae-9ef6-60b12438a56b,pat12,med12,2025-06-29T08:00:00Z,2025-06-29T08:39:00Z,taken,null,2025-06-29T08:48:00Z,Dizziness,3,Lightheadedness when standing
793c616e-9979-41b4-81c2-0f83b5cd2285,pat12,med12,2025-06-30T08:00:00Z,2025-06-30T08:21:00Z,taken,null,2025-06-30T08:29:00Z,,,
82187220-aa8d-4705-9d3f-418006ca2bf6,pat13,med13,2025-06-01T08:00:00Z,null,missed,Forgot to take,2025-06-01T08:39:00Z,,,
3fe32afb-8f2e-4dea-9845-6faa7cc32153,pat13,med13,2025-06-02T08:00:00Z,2025-06-02T08:50:00Z,taken,null,2025-06-02T09:10:00Z,,,
a5b5db88-0edb-4eb2-a62b-b3fc66886f90,pat13,med13,2025-06-03T08:00:00Z,null,missed,Was traveling,2025-06-03T08:36:00Z,,,
712ab607-856c-4291-90cd-6a4125d97048,pat13,med13,2025-06-04T08:00:00Z,2025-06-04T08:36:00Z,taken,null,2025-06-04T08:42:00Z,,,
e90ae833-fdad-44df-934e-1fc1d145326d,pat13,med13,2025-06-06T08:00:00Z,2025-06-06T08:31:00Z,taken,null,2025-06-06T08:43:00Z,,,
19363492-e1dc-41ef-9d19-c86642f3a758,pat13,med13,2025-06-06T08:00:00Z,2025-06-06T08:32:00Z,taken,null,2025-06-06T08:44:00Z,,,
a82a179f-6c20-4dca-94cc-03cf9b11ae7a,pat13,med13,2025-06-07T08:00:00Z,null,missed,Felt unwell,2025-06-07T08:23:00Z,,,
b936c775-8454-4c2d-b0bd-a3b348d49eb1,pat13,med13,2025-06-08T08:00:00Z,2025-06-08T08:12:00Z,taken,null,2025-06-08T08:18:00Z,,,
2e7ab130-8d0f-4f87-ad23-5c65ed8900ef,pat13,med13,2025-06-09T08:00:00Z,2025-06-09T08:17:00Z,taken,null,2025-06-09T08:27:00Z,,,
9f1b6022-c98e-4775-83f5-d05573aa45e0,pat13,med13,2025-06-10T08:00:00Z,2025-06-10T08:52:00Z,taken,null,2025-06-10T09:20:00Z,,,
ec6a1253-113f-48cf-9fa7-5f5c2a8862d1,pat13,med13,2025-06-11T08:00:00Z,2025-06-11T08:28:00Z,taken,null,2025-06-11T08:50:00Z,Fatigue,2,Tiredness throughout the day
46274f9e-6df5-46f1-b2cb-a5ed21435c93,pat13,med13,2025-06-12T08:00:00Z,2025-06-12T08:06:00Z,taken,null,2025-06-12T08:19:00Z,,,
7c086bc2-00ff-40b4-8f26-46be09a6ac5b,pat13,med13,2025-06-13T08:00:00Z,2025-06-13T08:09:00Z,taken,null,2025-06-13T08:22:00Z,Fatigue,2,Tiredness throughout the day
62f3d94a-eb22-4fbb-bbd2-e4a6c5bb9ee0,pat13,med13,2025-06-14T08:00:00Z,2025-06-14T08:16:00Z,taken,null,2025-06-14T08:46:00Z,Fatigue,2,Tiredness throughout the day
ae0566dd-e737-486a-b0da-95e0296f2ba4,pat13,med13,2025-06-15T08:00:00Z,null,missed,Forgot to take,2025-06-15T08:18:00Z,,,
9d0cbed1-e522-4c07-b5aa-7e1f8a10a96c,pat13,med13,2025-06-16T08:00:00Z,2025-06-16T08:37:00Z,taken,null,2025-06-16T09:07:00Z,Dizziness,3,Lightheadedness when standing
e0be43b1-9375-4655-a2e3-4b4c8ad8da57,pat13,med13,2025-06-17T08:00:00Z,2025-06-17T08:39:00Z,taken,null,2025-06-17T09:02:00Z,Nausea,2,Mild stomach discomfort
b26cdd59-02b4-40e3-a888-272966fd9e07,pat13,med13,2025-06-18T08:00:00Z,2025-06-18T08:03:00Z,taken,null,2025-06-18T08:18:00Z,,,
dddf11d3-82de-4f50-855a-6ba4b1be5adc,pat13,med13,2025-06-19T08:00:00Z,2025-06-19T08:38:00Z,taken,null,2025-06-19T08:58:00Z,,,
99f1c654-c1b9-4734-bc79-62478a5f0177,pat13,med13,2025-06-20T08:00:00Z,2025-06-20T08:36:00Z,taken,null,2025-06-20T08:42:00Z,,,
57be8c58-9959-4950-a99a-0cdadca1627d,pat13,med13,2025-06-21T08:00:00Z,null,missed,Forgot to take,2025-06-21T08:26:00Z,,,
5a79957b-89cd-485a-8d41-5f0ded99cba1,pat13,med13,2025-06-22T08:00:00Z,2025-06-22T08:28:00Z,taken,null,2025-06-22T08:55:00Z,,,
2a0991cf-f85c-4ac4-8f16-86297cb8fae9,pat13,med13,2025-06-23T08:00:00Z,2025-06-23T08:14:00Z,taken,null,2025-06-23T08:30:00Z,Fatigue,2,Tiredness throughout the day
78755911-d929-41d8-b279-516cf525dc54,pat13,med13,2025-06-24T08:00:00Z,2025-06-24T08:26:00Z,taken,null,2025-06-24T08:53:00Z,,,
5492014c-6d8e-4865-880e-4e584e0bbe34,pat13,med13,2025-06-25T08:00:00Z,2025-06-25T08:26:00Z,taken,null,2025-06-25T08:42:00Z,Nausea,2,Mild stomach discomfort
d4d1489c-c750-4ce9-8abc-39c75575197a,pat13,med13,2025-06-26T08:00:00Z,2025-06-26T08:39:00Z,taken,null,2025-06-26T08:45:00Z,,,
a7a66f06-e20b-49d9-8697-437568fbc387,pat13,med13,2025-06-27T08:00:00Z,2025-06-27T08:15:00Z,taken,null,2025-06-27T08:39:00Z,Nausea,2,Mild stomach discomfort
e5891b76-589b-4724-971f-55e31445c5d7,pat13,med13,2025-06-28T08:00:00Z,2025-06-28T08:41:00Z,taken,null,2025-06-28T09:01:00Z,Nausea,2,Mild stomach discomfort
8c1fbfae-522e-4e8f-a136-5fc3ccbba2b5,pat13,med13,2025-06-29T08:00:00Z,2025-06-29T08:49:00Z,taken,null,2025-06-29T08:56:00Z,Fatigue,2,Tiredness throughout the day
833beba4-59a7-4fbf-8bd5-7c9a67791bed,pat13,med13,2025-06-30T08:00:00Z,2025-06-30T08:42:00Z,taken,null,2025-06-30T09:11:00Z,,,
2d49676f-bfc6-4628-b21d-9de6bc2e6ea8,pat14,med14,2025-06-01T08:00:00Z,2025-06-01T08:07:00Z,taken,null,2025-06-01T08:33:00Z,,,
5cf03779-3bdd-497e-abf9-45704eece652,pat14,med14,2025-06-02T08:00:00Z,2025-06-02T08:14:00Z,taken,null,2025-06-02T08:35:00Z,Dizziness,3,Lightheadedness when standing
083978e5-2651-4e11-b29c-0b1b034a0010,pat14,med14,2025-06-03T08:00:00Z,null,missed,Was traveling,2025-06-03T08:48:00Z,,,
8e8e3fc7-653c-4528-a2c3-8456e5ea2b1b,pat14,med14,2025-06-04T08:00:00Z,2025-06-04T08:03:00Z,taken,null,2025-06-04T08:10:00Z,Headache,4,Persistent pain
7025d93d-f106-4deb-965b-cc5b83d6f303,pat14,med14,2025-06-06T08:00:00Z,2025-06-06T08:57:00Z,taken,null,2025-06-06T09:13:00Z,Fatigue,2,Tiredness throughout the day
52988a25-bbac-44a8-ace7-cab65c45cbed,pat14,med14,2025-06-06T08:00:00Z,2025-06-06T08:21:00Z,taken,null,2025-06-06T08:28:00Z,Nausea,2,Mild stomach discomfort
702205ce-7c5a-4901-bae7-9beb8f9ad0db,pat14,med14,2025-06-07T08:00:00Z,2025-06-07T08:48:00Z,taken,null,2025-06-07T09:02:00Z,,,
f64dd749-bf74-46ce-b1fe-421a5231d06e,pat14,med14,2025-06-08T08:00:00Z,2025-06-08T08:21:00Z,taken,null,2025-06-08T08:31:00Z,Dizziness,3,Lightheadedness when standing
499c8cf5-cdee-4e77-a8e9-dc08eba5d003,pat14,med14,2025-06-09T08:00:00Z,2025-06-09T08:46:00Z,taken,null,2025-06-09T09:06:00Z,,,
1d79dfa5-2262-4bc1-a275-fd6059f454be,pat14,med14,2025-06-10T08:00:00Z,2025-06-10T08:04:00Z,taken,null,2025-06-10T08:34:00Z,Fatigue,2,Tiredness throughout the day
90db9b5c-99d0-4b9c-8134-c11b4809b5dd,pat14,med14,2025-06-11T08:00:00Z,2025-06-11T08:01:00Z,taken,null,2025-06-11T08:17:00Z,Dizziness,3,Lightheadedness when standing
2989c110-2fc5-41ba-a9ae-f866e74b4ea0,pat14,med14,2025-06-12T08:00:00Z,2025-06-12T08:36:00Z,taken,null,2025-06-12T08:57:00Z,,,
2e106f32-a822-45f7-aadb-522519f8d314,pat14,med14,2025-06-13T08:00:00Z,null,missed,Forgot to take,2025-06-13T08:12:00Z,,,
e5c63de1-a7c7-4015-b369-8b93e3b98252,pat14,med14,2025-06-14T08:00:00Z,2025-06-14T08:50:00Z,taken,null,2025-06-14T09:12:00Z,Headache,4,Persistent pain
bea01df9-cf68-48e6-ab45-a193651a8c69,pat14,med14,2025-06-15T08:00:00Z,2025-06-15T08:26:00Z,taken,null,2025-06-15T08:47:00Z,Dizziness,3,Lightheadedness when standing
54a51cf1-5fef-4d94-9285-4063b1901329,pat14,med14,2025-06-16T08:00:00Z,null,missed,Out of medication,2025-06-16T08:35:00Z,,,
c98631ec-30ea-47fd-859f-5745b27cf5db,pat14,med14,2025-06-17T08:00:00Z,2025-06-17T08:10:00Z,taken,null,2025-06-17T08:30:00Z,Headache,4,Persistent pain
b1706a4c-40c9-44fb-b3b7-a334bb1e4678,pat14,med14,2025-06-18T08:00:00Z,2025-06-18T08:02:00Z,taken,null,2025-06-18T08:19:00Z,Fatigue,2,Tiredness throughout the day
29bcf424-4a5e-4129-aa56-b65f6a8219da,pat14,med14,2025-06-19T08:00:00Z,null,missed,Forgot to take,2025-06-19T08:31:00Z,,,
4e727351-c93b-4b7f-bb4a-1523d88f86b8,pat14,med14,2025-06-20T08:00:00Z,null,missed,Felt unwell,2025-06-20T08:37:00Z,,,
55ae5da8-865d-4460-9754-c7a9494899bd,pat14,med14,2025-06-21T08:00:00Z,null,missed,Felt unwell,2025-06-21T08:10:00Z,,,
95e1a437-d490-4d93-b7f0-4c141a6409cd,pat14,med14,2025-06-22T08:00:00Z,2025-06-22T08:19:00Z,taken,null,2025-06-22T08:46:00Z,,,
d5b0651b-255e-4957-b752-ca02de7921a4,pat14,med14,2025-06-23T08:00:00Z,2025-06-23T08:21:00Z,taken,null,2025-06-23T08:37:00Z,,,
ff138c23-84fc-4700-98f0-637c456d1cdb,pat14,med14,2025-06-24T08:00:00Z,2025-06-24T08:37:00Z,taken,null,2025-06-24T09:03:00Z,Headache,4,Persistent pain
289ecd6d-10c6-4a26-9325-4f16239cda7e,pat14,med14,2025-06-25T08:00:00Z,2025-06-25T08:33:00Z,taken,null,2025-06-25T08:47:00Z,,,
80665eae-4cd4-427f-9de3-0bd427e0857c,pat14,med14,2025-06-26T08:00:00Z,2025-06-26T08:27:00Z,taken,null,2025-06-26T08:37:00Z,,,
50d6c445-964e-49c1-9f14-dd29b4619254,pat14,med14,2025-06-27T08:00:00Z,2025-06-27T08:18:00Z,taken,null,2025-06-27T08:33:00Z,Fatigue,2,Tiredness throughout the day
405b52e3-d0c3-4b09-9eb2-d905aae13ed3,pat14,med14,2025-06-28T08:00:00Z,2025-06-28T08:05:00Z,taken,null,2025-06-28T08:13:00Z,,,
b1bb88d5-2246-4e5f-a694-2192b52a960a,pat14,med14,2025-06-29T08:00:00Z,2025-06-29T08:06:00Z,taken,null,2025-06-29T08:33:00Z,Nausea,2,Mild stomach discomfort
5eb175b8-c2d0-427e-9324-ef0f6038b39d,pat14,med14,2025-06-30T08:00:00Z,2025-06-30T08:59:00Z,taken,null,2025-06-30T09:28:00Z,,,
5232c897-7bbc-48ae-b724-b694409e1b7e,pat15,med15,2025-06-01T08:00:00Z,2025-06-01T08:43:00Z,taken,null,2025-06-01T08:59:00Z,Fatigue,2,Tiredness throughout the day
7808b9a7-60b0-45b3-8720-e2b81e92d5e7,pat15,med15,2025-06-02T08:00:00Z,2025-06-02T08:00:00Z,taken,null,2025-06-02T08:27:00Z,,,
177dc990-f12a-4fa8-93ee-4a120ee1edfc,pat15,med15,2025-06-03T08:00:00Z,2025-06-03T08:52:00Z,taken,null,2025-06-03T09:14:00Z,,,
c20da9ac-1df0-4184-9b3b-06edbc332a07,pat15,med15,2025-06-04T08:00:00Z,2025-06-04T08:18:00Z,taken,null,2025-06-04T08:39:00Z,,,
3c223e17-c2c1-4457-ab11-0fb0764f4e56,pat15,med15,2025-06-06T08:00:00Z,null,missed,Felt unwell,2025-06-06T08:39:00Z,,,
c2bf1637-c743-40a0-abce-927f3b4144d9,pat15,med15,2025-06-06T08:00:00Z,2025-06-06T08:25:00Z,taken,null,2025-06-06T08:44:00Z,,,
0f5b26ba-f8b5-46ff-ad1d-eb59c212bee5,pat15,med15,2025-06-07T08:00:00Z,2025-06-07T09:00:00Z,taken,null,2025-06-07T09:19:00Z,,,
db21ee50-f3a0-4dfc-a84a-7926095a2ce8,pat15,med15,2025-06-08T08:00:00Z,2025-06-08T08:28:00Z,taken,null,2025-06-08T08:48:00Z,,,
e6d8dc16-9db6-4d50-9873-12667337fcdb,pat15,med15,2025-06-09T08:00:00Z,2025-06-09T08:47:00Z,taken,null,2025-06-09T09:08:00Z,,,
acb1aba1-740c-4334-b6e0-40a581039db1,pat15,med15,2025-06-10T08:00:00Z,2025-06-10T08:26:00Z,taken,null,2025-06-10T08:36:00Z,,,
a1009edf-13cd-43c6-8baf-52682aba1ecd,pat15,med15,2025-06-11T08:00:00Z,2025-06-11T08:31:00Z,taken,null,2025-06-11T08:49:00Z,,,
131959ee-99cf-4384-9c99-1c7ec726f21f,pat15,med15,2025-06-12T08:00:00Z,2025-06-12T08:46:00Z,taken,null,2025-06-12T08:52:00Z,Fatigue,2,Tiredness throughout the day
7bb74b37-4cc1-461b-9a70-b9c496ce32c0,pat15,med15,2025-06-13T08:00:00Z,2025-06-13T08:40:00Z,taken,null,2025-06-13T08:57:00Z,,,
d6927689-9f21-40fa-9a3f-b70b3c34982f,pat15,med15,2025-06-14T08:00:00Z,null,missed,Forgot to take,2025-06-14T08:31:00Z,,,
bae9d9c2-424f-4108-8166-892a40677fa5,pat15,med15,2025-06-15T08:00:00Z,2025-06-15T08:06:00Z,taken,null,2025-06-15T08:36:00Z,,,
e833f384-946e-44c8-a358-65e97d2fd718,pat15,med15,2025-06-16T08:00:00Z,2025-06-16T08:37:00Z,taken,null,2025-06-16T09:04:00Z,,,
edf6b29e-8349-444a-8599-c1e133a18777,pat15,med15,2025-06-17T08:00:00Z,2025-06-17T08:38:00Z,taken,null,2025-06-17T08:46:00Z,Dizziness,3,Lightheadedness when standing
5daeadbb-672e-4349-bd55-9965cf75ca07,pat15,med15,2025-06-18T08:00:00Z,null,missed,Forgot to take,2025-06-18T08:43:00Z,,,
716c5deb-da07-4cc1-abe1-6df49d2b35af,pat15,med15,2025-06-19T08:00:00Z,2025-06-19T08:39:00Z,taken,null,2025-06-19T08:51:00Z,,,
68b1c6ea-f199-4f13-8f5d-1029c11cde28,pat15,med15,2025-06-20T08:00:00Z,2025-06-20T08:02:00Z,taken,null,2025-06-20T08:16:00Z,Nausea,2,Mild stomach discomfort
44277073-d407-44af-9015-6b3fdae5224d,pat15,med15,2025-06-21T08:00:00Z,2025-06-21T08:16:00Z,taken,null,2025-06-21T08:37:00Z,,,
e09a8414-2f4e-410e-a86b-7fca85c3390e,pat15,med15,2025-06-22T08:00:00Z,null,missed,Out of medication,2025-06-22T08:54:00Z,,,
82657292-f8d2-4ca0-9cdd-1676cf518b3e,pat15,med15,2025-06-23T08:00:00Z,2025-06-23T08:42:00Z,taken,null,2025-06-23T09:06:00Z,,,
31a7bf66-e7b4-478d-99f6-76317b8187db,pat15,med15,2025-06-24T08:00:00Z,2025-06-24T08:16:00Z,taken,null,2025-06-24T08:24:00Z,Nausea,2,Mild stomach discomfort
42760a2e-bf3a-462e-aac6-a6b784a398c1,pat15,med15,2025-06-25T08:00:00Z,2025-06-25T08:29:00Z,taken,null,2025-06-25T08:58:00Z,,,
08ac503b-c427-45eb-8860-f46c722a388e,pat15,med15,2025-06-26T08:00:00Z,2025-06-26T08:21:00Z,taken,null,2025-06-26T08:27:00Z,Nausea,2,Mild stomach discomfort
a5b29f6f-55b2-45ed-b910-660ae723057d,pat15,med15,2025-06-27T08:00:00Z,2025-06-27T08:53:00Z,taken,null,2025-06-27T09:19:00Z,Nausea,2,Mild stomach discomfort
3a7374fc-c86a-4003-a566-267e82f26fd6,pat15,med15,2025-06-28T08:00:00Z,2025-06-28T08:08:00Z,taken,null,2025-06-28T08:16:00Z,Headache,4,Persistent pain
892983e0-9bd3-4a12-91f4-91438da0120b,pat15,med15,2025-06-29T08:00:00Z,null,missed,Out of medication,2025-06-29T08:17:00Z,,,
de911cde-9d6f-44d9-8a1e-d8763ba63253,pat15,med15,2025-06-30T08:00:00Z,2025-06-30T08:46:00Z,taken,null,2025-06-30T09:09:00Z,Headache,4,Persistent pain
867f5dac-ba0a-400a-8fc3-6d9abdbd4006,pat16,med16,2025-06-01T08:00:00Z,2025-06-01T08:07:00Z,taken,null,2025-06-01T08:14:00Z,,,
4760198e-0368-491a-83ab-e51d13e76422,pat16,med16,2025-06-02T08:00:00Z,2025-06-02T08:51:00Z,taken,null,2025-06-02T08:57:00Z,,,
3bc3763e-a243-4c3a-8f27-750434997654,pat16,med16,2025-06-03T08:00:00Z,2025-06-03T08:18:00Z,taken,null,2025-06-03T08:28:00Z,,,
83c69576-0de0-4852-8b9f-37ae0c6894e5,pat16,med16,2025-06-04T08:00:00Z,2025-06-04T08:33:00Z,taken,null,2025-06-04T08:50:00Z,Fatigue,2,Tiredness throughout the day
8aa3ced1-1002-4ea9-93f8-a3df44750e0e,pat16,med16,2025-06-06T08:00:00Z,2025-06-06T08:49:00Z,taken,null,2025-06-06T09:19:00Z,,,
75310fb7-cf93-4e2b-97f3-54f6f74cb43e,pat16,med16,2025-06-06T08:00:00Z,2025-06-06T08:42:00Z,taken,null,2025-06-06T09:11:00Z,,,
d70fb053-1dde-47f4-b586-5d73c9fb9d63,pat16,med16,2025-06-07T08:00:00Z,2025-06-07T08:39:00Z,taken,null,2025-06-07T09:08:00Z,,,
61d92b2a-d415-49ae-b374-8b9ad68aa17e,pat16,med16,2025-06-08T08:00:00Z,2025-06-08T08:58:00Z,taken,null,2025-06-08T09:03:00Z,Dizziness,3,Lightheadedness when standing
64a58a5b-f820-4274-b92c-e2e6d5dcadc1,pat16,med16,2025-06-09T08:00:00Z,2025-06-09T08:10:00Z,taken,null,2025-06-09T08:39:00Z,,,
6e0bc785-92cd-40d7-a5c0-ab231c7b602c,pat16,med16,2025-06-10T08:00:00Z,2025-06-10T08:33:00Z,taken,null,2025-06-10T09:01:00Z,Nausea,2,Mild stomach discomfort
4be68b9f-8542-44f0-9ad9-1c5b52394d9a,pat16,med16,2025-06-11T08:00:00Z,2025-06-11T08:55:00Z,taken,null,2025-06-11T09:04:00Z,Nausea,2,Mild stomach discomfort
894a14a6-0294-4def-b26d-52b634707834,pat16,med16,2025-06-12T08:00:00Z,2025-06-12T08:06:00Z,taken,null,2025-06-12T08:26:00Z,Fatigue,2,Tiredness throughout the day
cbda7b80-2e2c-4b05-89c3-08ddaf1ab363,pat16,med16,2025-06-13T08:00:00Z,2025-06-13T08:21:00Z,taken,null,2025-06-13T08:43:00Z,,,
22ce8b1d-e194-4f18-94de-d35fb48102c8,pat16,med16,2025-06-14T08:00:00Z,2025-06-14T08:19:00Z,taken,null,2025-06-14T08:25:00Z,,,
254bfc87-527e-4f09-814f-711fa51ac1b7,pat16,med16,2025-06-15T08:00:00Z,2025-06-15T08:28:00Z,taken,null,2025-06-15T08:58:00Z,,,
c9230c75-be11-427f-aa3e-f177f35d03c5,pat16,med16,2025-06-16T08:00:00Z,2025-06-16T08:01:00Z,taken,null,2025-06-16T08:21:00Z,,,
2fb8fc0f-e22f-4f96-91cb-8ecb673c520f,pat16,med16,2025-06-17T08:00:00Z,2025-06-17T08:17:00Z,taken,null,2025-06-17T08:22:00Z,,,
11394195-68d5-4c0e-b1bd-5bad49266287,pat16,med16,2025-06-18T08:00:00Z,2025-06-18T08:19:00Z,taken,null,2025-06-18T08:47:00Z,Nausea,2,Mild stomach discomfort
bf82f760-51ae-4b89-bc42-629a688f1336,pat16,med16,2025-06-19T08:00:00Z,2025-06-19T08:14:00Z,taken,null,2025-06-19T08:25:00Z,Headache,4,Persistent pain
ca6587aa-529f-4a15-991d-7a2d3955bbe7,pat16,med16,2025-06-20T08:00:00Z,2025-06-20T08:37:00Z,taken,null,2025-06-20T08:53:00Z,,,
34117783-b78a-4c78-af73-82b4657c3267,pat16,med16,2025-06-21T08:00:00Z,2025-06-21T08:57:00Z,taken,null,2025-06-21T09:07:00Z,,,
6d6a423f-aebe-4385-892e-8f3cd7ea1dc7,pat16,med16,2025-06-22T08:00:00Z,2025-06-22T08:09:00Z,taken,null,2025-06-22T08:35:00Z,,,
e9e65d59-dff9-4330-8a59-6ea829e7434f,pat16,med16,2025-06-23T08:00:00Z,null,missed,Out of medication,2025-06-23T08:46:00Z,,,
48c2bc42-2b5e-4dab-bcc8-ddb38e92135e,pat16,med16,2025-06-24T08:00:00Z,null,missed,Felt unwell,2025-06-24T08:55:00Z,,,
6b7f753a-de5d-4259-b7af-4fd0d60ab41b,pat16,med16,2025-06-25T08:00:00Z,2025-06-25T08:11:00Z,taken,null,2025-06-25T08:30:00Z,,,
07f477d0-049d-4f66-b99d-3b45068bd21d,pat16,med16,2025-06-26T08:00:00Z,2025-06-26T09:00:00Z,taken,null,2025-06-26T09:25:00Z,Nausea,2,Mild stomach discomfort
73911cd0-b8bc-4c64-b093-23ddffed41d6,pat16,med16,2025-06-27T08:00:00Z,2025-06-27T08:06:00Z,taken,null,2025-06-27T08:14:00Z,,,
80922d57-d4d0-46ab-8a38-1495387a22c6,pat16,med16,2025-06-28T08:00:00Z,2025-06-28T08:38:00Z,taken,null,2025-06-28T09:00:00Z,Nausea,2,Mild stomach discomfort
d2568a36-86ca-4a8a-b36f-e1b2deec2c67,pat16,med16,2025-06-29T08:00:00Z,null,missed,Was traveling,2025-06-29T08:11:00Z,,,
b6ef0258-75cb-4c11-be97-670a5b2d1844,pat16,med16,2025-06-30T08:00:00Z,null,missed,Out of medication,2025-06-30T08:37:00Z,,,
fd06e765-2302-449a-beee-ed95a05a7840,pat17,med17,2025-06-01T08:00:00Z,null,missed,Was traveling,2025-06-01T08:44:00Z,,,
7cf2504c-08e2-46c9-a279-16a1515b4ec3,pat17,med17,2025-06-02T08:00:00Z,2025-06-02T08:56:00Z,taken,null,2025-06-02T09:22:00Z,Dizziness,3,Lightheadedness when standing
c9829cf6-c6b0-4c15-b11f-4d9ecaaf10ce,pat17,med17,2025-06-03T08:00:00Z,null,missed,Forgot to take,2025-06-03T08:30:00Z,,,
acc7a030-55dc-47bf-9725-c0256ecb3a5d,pat17,med17,2025-06-04T08:00:00Z,2025-06-04T08:45:00Z,taken,null,2025-06-04T08:52:00Z,,,
9ef22548-a378-40e3-b642-6d1638f6357d,pat17,med17,2025-06-06T08:00:00Z,null,missed,Felt unwell,2025-06-06T08:57:00Z,,,
93cf25fc-514a-4030-8e97-782a5482fc17,pat17,med17,2025-06-06T08:00:00Z,2025-06-06T08:17:00Z,taken,null,2025-06-06T08:35:00Z,Fatigue,2,Tiredness throughout the day
0b8e5eff-c6f3-466e-b2d3-c6a1a0fa462b,pat17,med17,2025-06-07T08:00:00Z,2025-06-07T08:35:00Z,taken,null,2025-06-07T08:57:00Z,Nausea,2,Mild stomach discomfort
e7ef3bf7-aaaa-4357-9bfb-6e157c949171,pat17,med17,2025-06-08T08:00:00Z,2025-06-08T08:57:00Z,taken,null,2025-06-08T09:25:00Z,,,
1c20a844-0f26-4971-a13a-dec65f770e04,pat17,med17,2025-06-09T08:00:00Z,2025-06-09T08:49:00Z,taken,null,2025-06-09T08:59:00Z,,,
5ef8b9f2-0cf1-4974-a5f0-28c3bec5137e,pat17,med17,2025-06-10T08:00:00Z,2025-06-10T08:04:00Z,taken,null,2025-06-10T08:33:00Z,,,
0728aa05-484c-409c-8f5c-f79da120735e,pat17,med17,2025-06-11T08:00:00Z,2025-06-11T08:04:00Z,taken,null,2025-06-11T08:12:00Z,,,
0f41a9f4-4da3-4ae6-b5a5-bd0df8bef212,pat17,med17,2025-06-12T08:00:00Z,2025-06-12T08:39:00Z,taken,null,2025-06-12T09:07:00Z,,,
438d3387-b51a-4642-9119-e8b7832f8e16,pat17,med17,2025-06-13T08:00:00Z,2025-06-13T08:07:00Z,taken,null,2025-06-13T08:33:00Z,,,
67b8ac60-0eee-4b69-a912-33fbb1cd5a2f,pat17,med17,2025-06-14T08:00:00Z,2025-06-14T08:58:00Z,taken,null,2025-06-14T09:05:00Z,,,
be859bcd-b953-4d0b-b68f-1f197b4fd47f,pat17,med17,2025-06-15T08:00:00Z,2025-06-15T08:10:00Z,taken,null,2025-06-15T08:36:00Z,Dizziness,3,Lightheadedness when standing
c1580403-3afb-4b22-a265-9a70855b62a9,pat17,med17,2025-06-16T08:00:00Z,2025-06-16T08:56:00Z,taken,null,2025-06-16T09:20:00Z,,,
2d09482e-63ae-4ff5-9fbf-8a9907e2c2da,pat17,med17,2025-06-17T08:00:00Z,2025-06-17T08:02:00Z,taken,null,2025-06-17T08:20:00Z,,,
309efc86-7a50-4ddc-8b83-f61927dc532d,pat17,med17,2025-06-18T08:00:00Z,null,missed,Was traveling,2025-06-18T08:46:00Z,,,
b52f1dd4-177e-4a29-a0c4-27b19e2fdc22,pat17,med17,2025-06-19T08:00:00Z,2025-06-19T08:30:00Z,taken,null,2025-06-19T08:39:00Z,,,
5348d290-33a0-46d4-bc10-bd0c451d7855,pat17,med17,2025-06-20T08:00:00Z,2025-06-20T08:37:00Z,taken,null,2025-06-20T08:57:00Z,Nausea,2,Mild stomach discomfort
868e59f0-8685-42ad-8626-73a7119b4de7,pat17,med17,2025-06-21T08:00:00Z,2025-06-21T08:31:00Z,taken,null,2025-06-21T08:40:00Z,Nausea,2,Mild stomach discomfort
d92c5dfc-5aee-4351-9105-5e76a6e8f0e3,pat17,med17,2025-06-22T08:00:00Z,2025-06-22T08:15:00Z,taken,null,2025-06-22T08:36:00Z,Headache,4,Persistent pain
d1343043-3c47-40bf-9dda-6f24f5302881,pat17,med17,2025-06-23T08:00:00Z,2025-06-23T08:09:00Z,taken,null,2025-06-23T08:33:00Z,Dizziness,3,Lightheadedness when standing
20d1deff-385c-4fba-a459-0372415b81fe,pat17,med17,2025-06-24T08:00:00Z,2025-06-24T08:51:00Z,taken,null,2025-06-24T09:18:00Z,Dizziness,3,Lightheadedness when standing
dadc24d0-188a-4815-bc85-60641b09cc78,pat17,med17,2025-06-25T08:00:00Z,2025-06-25T08:11:00Z,taken,null,2025-06-25T08:27:00Z,Fatigue,2,Tiredness throughout the day
5bc0f220-e332-431e-a61a-a0b277be16c0,pat17,med17,2025-06-26T08:00:00Z,2025-06-26T08:18:00Z,taken,null,2025-06-26T08:45:00Z,,,
e7e9650a-6717-4f26-b037-b6d0e27fdb45,pat17,med17,2025-06-27T08:00:00Z,2025-06-27T08:03:00Z,taken,null,2025-06-27T08:32:00Z,,,
a6c25136-3ac2-4bdf-bcbb-958be38a413a,pat17,med17,2025-06-28T08:00:00Z,null,missed,Out of medication,2025-06-28T08:55:00Z,,,
91e0ff53-90ed-4f2c-814b-e0dc52d446a2,pat17,med17,2025-06-29T08:00:00Z,2025-06-29T08:01:00Z,taken,null,2025-06-29T08:15:00Z,,,
61131e73-0774-460d-870b-5ff4b5229758,pat17,med17,2025-06-30T08:00:00Z,2025-06-30T08:48:00Z,taken,null,2025-06-30T09:06:00Z,,,
c065ad68-f4b3-4b7c-a614-9c956ccb9a11,pat18,med18,2025-06-01T08:00:00Z,2025-06-01T08:39:00Z,taken,null,2025-06-01T08:59:00Z,,,
66157d59-3c1b-46e6-a889-a598c28921e5,pat18,med18,2025-06-02T08:00:00Z,2025-06-02T08:48:00Z,taken,null,2025-06-02T09:06:00Z,,,
586e6ca2-45e0-4e6d-9d49-35d519106d0c,pat18,med18,2025-06-03T08:00:00Z,null,missed,Out of medication,2025-06-03T08:54:00Z,,,
566ef2ae-bffe-4a07-953f-0c1609672b5a,pat18,med18,2025-06-04T08:00:00Z,2025-06-04T08:51:00Z,taken,null,2025-06-04T09:19:00Z,,,
89fc0d0e-f2bd-4df2-8ca7-81efc93dc005,pat18,med18,2025-06-06T08:00:00Z,2025-06-06T08:05:00Z,taken,null,2025-06-06T08:15:00Z,,,
2fb62269-5a17-4f47-b872-fa37615468cc,pat18,med18,2025-06-06T08:00:00Z,null,missed,Was traveling,2025-06-06T08:55:00Z,,,
2b29e1bb-efea-45dc-81af-9d7c2ffe3839,pat18,med18,2025-06-07T08:00:00Z,2025-06-07T08:45:00Z,taken,null,2025-06-07T08:55:00Z,Dizziness,3,Lightheadedness when standing
73cb5418-4794-445a-8ee1-c58470b88667,pat18,med18,2025-06-08T08:00:00Z,2025-06-08T08:53:00Z,taken,null,2025-06-08T09:17:00Z,,,
cc06e61d-40ae-4d01-a9c3-84d429d863dd,pat18,med18,2025-06-09T08:00:00Z,2025-06-09T08:09:00Z,taken,null,2025-06-09T08:23:00Z,,,
d5818c2a-af5c-422e-b38a-9f0757b1a0ee,pat18,med18,2025-06-10T08:00:00Z,2025-06-10T08:05:00Z,taken,null,2025-06-10T08:12:00Z,,,
2818c618-bdc4-4e38-9e3c-853992abe804,pat18,med18,2025-06-11T08:00:00Z,null,missed,Was traveling,2025-06-11T08:19:00Z,,,
91976d32-77a1-4fc5-8e96-27a9ec706fb2,pat18,med18,2025-06-12T08:00:00Z,2025-06-12T08:49:00Z,taken,null,2025-06-12T09:02:00Z,,,
4e37882a-7fa5-4570-9f25-4969b269c767,pat18,med18,2025-06-13T08:00:00Z,2025-06-13T08:35:00Z,taken,null,2025-06-13T09:03:00Z,Dizziness,3,Lightheadedness when standing
b29522fd-6d69-4fad-9bbc-8ea57bbf8849,pat18,med18,2025-06-14T08:00:00Z,2025-06-14T08:47:00Z,taken,null,2025-06-14T09:10:00Z,,,
3ca73417-38ca-4a6b-9953-176db3c08439,pat18,med18,2025-06-15T08:00:00Z,2025-06-15T08:38:00Z,taken,null,2025-06-15T09:08:00Z,,,
77fa342b-9ad6-40a4-8da4-c9a4b4974b9c,pat18,med18,2025-06-16T08:00:00Z,2025-06-16T08:09:00Z,taken,null,2025-06-16T08:39:00Z,,,
73de989a-7556-4db7-a10b-32aea62eb3cf,pat18,med18,2025-06-17T08:00:00Z,2025-06-17T08:21:00Z,taken,null,2025-06-17T08:29:00Z,Nausea,2,Mild stomach discomfort
65746119-cc5d-4871-b2f4-bac8ad5a49d3,pat18,med18,2025-06-18T08:00:00Z,2025-06-18T08:05:00Z,taken,null,2025-06-18T08:19:00Z,,,
1a29f62b-10ea-4c41-8897-dd066e239a1e,pat18,med18,2025-06-19T08:00:00Z,null,missed,Forgot to take,2025-06-19T08:45:00Z,,,
4742a9f1-b6b8-466f-83d8-8bbf859e82f8,pat18,med18,2025-06-20T08:00:00Z,2025-06-20T08:48:00Z,taken,null,2025-06-20T09:01:00Z,Nausea,2,Mild stomach discomfort
c1df4d61-1ed5-4a2d-a1bf-374b250742ef,pat18,med18,2025-06-21T08:00:00Z,null,missed,Forgot to take,2025-06-21T08:14:00Z,,,
13073094-a9ff-4164-9d5e-230993a2f68c,pat18,med18,2025-06-22T08:00:00Z,2025-06-22T08:34:00Z,taken,null,2025-06-22T08:51:00Z,Headache,4,Persistent pain
5a987f3b-0f7d-4361-85d5-ebb83989a4ac,pat18,med18,2025-06-23T08:00:00Z,2025-06-23T08:44:00Z,taken,null,2025-06-23T08:49:00Z,,,
16effc5e-b0f2-4062-b098-eea4fb8f3a69,pat18,med18,2025-06-24T08:00:00Z,2025-06-24T08:22:00Z,taken,null,2025-06-24T08:45:00Z,Nausea,2,Mild stomach discomfort
830fdf17-fe86-447b-b5f3-7b5b47c1b08b,pat18,med18,2025-06-25T08:00:00Z,2025-06-25T08:30:00Z,taken,null,2025-06-25T08:49:00Z,,,
075e304b-c322-492f-8a4f-ca40b671eaae,pat18,med18,2025-06-26T08:00:00Z,null,missed,Forgot to take,2025-06-26T08:10:00Z,,,
39e084e9-677d-4161-89c6-bb676084af53,pat18,med18,2025-06-27T08:00:00Z,2025-06-27T08:15:00Z,taken,null,2025-06-27T08:40:00Z,Fatigue,2,Tiredness throughout the day
3abefd54-7900-4453-857d-4e1672c66f17,pat18,med18,2025-06-28T08:00:00Z,2025-06-28T08:15:00Z,taken,null,2025-06-28T08:27:00Z,Nausea,2,Mild stomach discomfort
35a66cd0-3661-4c86-bc3c-e00eb47d62f4,pat18,med18,2025-06-29T08:00:00Z,2025-06-29T08:33:00Z,taken,null,2025-06-29T09:01:00Z,,,
e21ec74d-35bd-410f-9369-93cc23f1742b,pat18,med18,2025-06-30T08:00:00Z,2025-06-30T08:17:00Z,taken,null,2025-06-30T08:47:00Z,,,
274c886c-6905-4c40-bb29-75f8dc41577d,pat19,med19,2025-06-01T08:00:00Z,2025-06-01T08:44:00Z,taken,null,2025-06-01T08:53:00Z,Fatigue,2,Tiredness throughout the day
64423dae-6ab1-46cd-a283-85ec9f526ced,pat19,med19,2025-06-02T08:00:00Z,null,missed,Was traveling,2025-06-02T08:36:00Z,,,
866eaff2-5566-41cc-b407-e9615270c2cd,pat19,med19,2025-06-03T08:00:00Z,2025-06-03T08:19:00Z,taken,null,2025-06-03T08:39:00Z,Fatigue,2,Tiredness throughout the day
1b32d0f9-0d63-4aa5-83dc-53d4d761ee97,pat19,med19,2025-06-04T08:00:00Z,2025-06-04T08:55:00Z,taken,null,2025-06-04T09:06:00Z,Fatigue,2,Tiredness throughout the day
f9b8568d-dc2b-4d77-adfd-e06c9993ed8e,pat19,med19,2025-06-06T08:00:00Z,null,missed,Was traveling,2025-06-06T08:57:00Z,,,
ee0d8326-6670-4f91-a669-d9364b468354,pat19,med19,2025-06-06T08:00:00Z,2025-06-06T08:17:00Z,taken,null,2025-06-06T08:36:00Z,,,
86b884b5-e0fe-4e4f-aee7-17135732839e,pat19,med19,2025-06-07T08:00:00Z,2025-06-07T08:57:00Z,taken,null,2025-06-07T09:25:00Z,,,
2de09bee-b4d4-4581-9a21-fc562c236a55,pat19,med19,2025-06-08T08:00:00Z,2025-06-08T08:18:00Z,taken,null,2025-06-08T08:32:00Z,,,
7ea03669-ee62-4fff-9092-0f5f61caefe3,pat19,med19,2025-06-09T08:00:00Z,2025-06-09T08:08:00Z,taken,null,2025-06-09T08:30:00Z,,,
a507064a-1497-49e4-be8e-a2147947e286,pat19,med19,2025-06-10T08:00:00Z,null,missed,Out of medication,2025-06-10T08:15:00Z,,,
32c1297e-fab9-4970-9196-66ddbd5557be,pat19,med19,2025-06-11T08:00:00Z,2025-06-11T08:10:00Z,taken,null,2025-06-11T08:35:00Z,,,
fc00acf9-f004-48bf-aaea-e73cc699bfaf,pat19,med19,2025-06-12T08:00:00Z,2025-06-12T08:50:00Z,taken,null,2025-06-12T09:16:00Z,,,
e429eeb8-3374-43f9-81c5-c703b444a00a,pat19,med19,2025-06-13T08:00:00Z,2025-06-13T08:28:00Z,taken,null,2025-06-13T08:50:00Z,,,
3e8e7238-104d-4033-952a-cc61d2bdd48e,pat19,med19,2025-06-14T08:00:00Z,2025-06-14T08:58:00Z,taken,null,2025-06-14T09:09:00Z,Nausea,2,Mild stomach discomfort
29b28d48-acd6-45ed-876c-b2be19cf3476,pat19,med19,2025-06-15T08:00:00Z,null,missed,Out of medication,2025-06-15T08:52:00Z,,,
c0ec2cb5-db36-43f0-b639-ac3a321dd355,pat19,med19,2025-06-16T08:00:00Z,2025-06-16T08:43:00Z,taken,null,2025-06-16T08:52:00Z,Nausea,2,Mild stomach discomfort
2e47b7c7-bfcf-486d-baed-86a7aa4dd879,pat19,med19,2025-06-17T08:00:00Z,2025-06-17T08:29:00Z,taken,null,2025-06-17T08:58:00Z,,,
1e928a89-8884-4ced-9b61-9b670d79be3d,pat19,med19,2025-06-18T08:00:00Z,2025-06-18T08:53:00Z,taken,null,2025-06-18T09:19:00Z,Dizziness,3,Lightheadedness when standing
1c0f0814-4d9f-4e17-b387-20eed72bb752,pat19,med19,2025-06-19T08:00:00Z,2025-06-19T08:01:00Z,taken,null,2025-06-19T08:07:00Z,,,
7a0f7e6b-525e-4411-a31f-6f48ca9c9714,pat19,med19,2025-06-20T08:00:00Z,null,missed,Out of medication,2025-06-20T08:59:00Z,,,
247bb97d-b685-4ca9-9841-901e9ddc1833,pat19,med19,2025-06-21T08:00:00Z,2025-06-21T08:12:00Z,taken,null,2025-06-21T08:30:00Z,Nausea,2,Mild stomach discomfort
40e5f2ba-b568-4b8b-a2ea-b2eb57f16add,pat19,med19,2025-06-22T08:00:00Z,2025-06-22T08:01:00Z,taken,null,2025-06-22T08:12:00Z,Dizziness,3,Lightheadedness when standing
b4f7f8fd-f093-4288-827c-960914a01e1b,pat19,med19,2025-06-23T08:00:00Z,2025-06-23T08:31:00Z,taken,null,2025-06-23T08:59:00Z,Fatigue,2,Tiredness throughout the day
f41661c5-0aaf-48b0-8765-e35b4c1e77f7,pat19,med19,2025-06-24T08:00:00Z,2025-06-24T08:04:00Z,taken,null,2025-06-24T08:25:00Z,,,
965ee2a1-9497-4f83-8b72-6e86e116bc36,pat19,med19,2025-06-25T08:00:00Z,2025-06-25T08:57:00Z,taken,null,2025-06-25T09:16:00Z,,,
2659f0bc-ec46-4633-8596-4e84a5a32a87,pat19,med19,2025-06-26T08:00:00Z,2025-06-26T08:00:00Z,taken,null,2025-06-26T08:08:00Z,,,
09916887-0f62-40b4-82cb-9300aa387126,pat19,med19,2025-06-27T08:00:00Z,2025-06-27T08:20:00Z,taken,null,2025-06-27T08:48:00Z,Nausea,2,Mild stomach discomfort
891a5abc-c104-49c4-87aa-7a211a043294,pat19,med19,2025-06-28T08:00:00Z,null,missed,Was traveling,2025-06-28T08:15:00Z,,,
1a125c6d-bdae-4bbb-a106-eb1ac15939f7,pat19,med19,2025-06-29T08:00:00Z,2025-06-29T08:13:00Z,taken,null,2025-06-29T08:20:00Z,,,
ae2a0853-9e35-46f2-9582-3c11527bfe1e,pat19,med19,2025-06-30T08:00:00Z,null,missed,Felt unwell,2025-06-30T08:19:00Z,,,
bc94c1b7-3ab7-4a73-86d9-9ff50e36df39,pat20,med20,2025-06-01T08:00:00Z,null,missed,Forgot to take,2025-06-01T09:00:00Z,,,
45c591e3-6a64-402a-a80b-c26c27d70f6c,pat20,med20,2025-06-02T08:00:00Z,2025-06-02T08:56:00Z,taken,null,2025-06-02T09:14:00Z,Dizziness,3,Lightheadedness when standing
3904d3ba-40ed-43f2-9cb9-005a6c9a91e5,pat20,med20,2025-06-03T08:00:00Z,2025-06-03T08:30:00Z,taken,null,2025-06-03T08:47:00Z,Headache,4,Persistent pain
731265e5-b76b-4836-b219-fb8da7b1d6fa,pat20,med20,2025-06-04T08:00:00Z,2025-06-04T08:53:00Z,taken,null,2025-06-04T09:23:00Z,Dizziness,3,Lightheadedness when standing
cea13ec5-be9e-4522-8b87-72dfa735f269,pat20,med20,2025-06-06T08:00:00Z,2025-06-06T08:40:00Z,taken,null,2025-06-06T08:51:00Z,Dizziness,3,Lightheadedness when standing
852f8d5d-3bd2-45d1-be3f-4736d3abffe2,pat20,med20,2025-06-06T08:00:00Z,2025-06-06T08:44:00Z,taken,null,2025-06-06T08:50:00Z,,,
1b4e3445-183c-4761-a532-71eb927470e4,pat20,med20,2025-06-07T08:00:00Z,null,missed,Forgot to take,2025-06-07T08:51:00Z,,,
0e5cde44-26f3-482f-b984-f899d76dbc6c,pat20,med20,2025-06-08T08:00:00Z,null,missed,Forgot to take,2025-06-08T08:18:00Z,,,
524cf92c-913b-4a9f-8dcb-e9d460b32c09,pat20,med20,2025-06-09T08:00:00Z,2025-06-09T08:17:00Z,taken,null,2025-06-09T08:36:00Z,,,
973c05a5-a1a5-486b-bcb8-a0f63c74db9c,pat20,med20,2025-06-10T08:00:00Z,2025-06-10T08:08:00Z,taken,null,2025-06-10T08:24:00Z,Nausea,2,Mild stomach discomfort
b925c3a2-b464-4231-a74e-1a3a79279e74,pat20,med20,2025-06-11T08:00:00Z,2025-06-11T08:46:00Z,taken,null,2025-06-11T08:54:00Z,,,
36326b7d-8044-4dcb-a136-2ba08071bddb,pat20,med20,2025-06-12T08:00:00Z,2025-06-12T08:37:00Z,taken,null,2025-06-12T09:05:00Z,,,
7801ac5b-6128-4bc4-a566-0a2d1e056241,pat20,med20,2025-06-13T08:00:00Z,2025-06-13T08:12:00Z,taken,null,2025-06-13T08:22:00Z,Headache,4,Persistent pain
4b515bb7-1c27-4647-8e23-79f5f8c98204,pat20,med20,2025-06-14T08:00:00Z,2025-06-14T08:00:00Z,taken,null,2025-06-14T08:14:00Z,Nausea,2,Mild stomach discomfort
225a0796-ea6c-492e-b5f8-5ea583a44dfc,pat20,med20,2025-06-15T08:00:00Z,null,missed,Forgot to take,2025-06-15T08:55:00Z,,,
5a1107ae-7bf6-4e32-80bf-6ee8d13fcfda,pat20,med20,2025-06-16T08:00:00Z,2025-06-16T08:09:00Z,taken,null,2025-06-16T08:25:00Z,,,
b9eea49a-bc88-4ae2-aa95-9d8072abbd55,pat20,med20,2025-06-17T08:00:00Z,null,missed,Out of medication,2025-06-17T08:30:00Z,,,
634f613a-e3f2-4dba-acd4-d3c6c3a274e8,pat20,med20,2025-06-18T08:00:00Z,2025-06-18T08:09:00Z,taken,null,2025-06-18T08:16:00Z,,,
3d294239-4c76-42b3-aa6d-3749381a34d6,pat20,med20,2025-06-19T08:00:00Z,2025-06-19T08:53:00Z,taken,null,2025-06-19T09:01:00Z,Fatigue,2,Tiredness throughout the day
5ed6b4db-ee18-4c5f-bb65-e5ccd8863053,pat20,med20,2025-06-20T08:00:00Z,null,missed,Forgot to take,2025-06-20T08:20:00Z,,,
05bdb5a9-c082-418b-b0a2-6b98cc11ab31,pat20,med20,2025-06-21T08:00:00Z,2025-06-21T08:37:00Z,taken,null,2025-06-21T08:57:00Z,,,
e8523a61-c4d6-4607-9018-b6c2dfadd161,pat20,med20,2025-06-22T08:00:00Z,2025-06-22T08:58:00Z,taken,null,2025-06-22T09:13:00Z,,,
c31c55fb-0ff3-41d1-981c-c7d8e9b580ee,pat20,med20,2025-06-23T08:00:00Z,2025-06-23T08:34:00Z,taken,null,2025-06-23T08:54:00Z,,,
982d89b9-36b4-47fe-b680-3b0e22eb13fc,pat20,med20,2025-06-24T08:00:00Z,null,missed,Out of medication,2025-06-24T08:26:00Z,,,
12e5ab4b-9c99-4a04-9047-edc7dd0345ae,pat20,med20,2025-06-25T08:00:00Z,2025-06-25T08:50:00Z,taken,null,2025-06-25T09:00:00Z,,,
3004f573-ccb3-497d-b2ed-e99ece0beff7,pat20,med20,2025-06-26T08:00:00Z,2025-06-26T08:40:00Z,taken,null,2025-06-26T08:54:00Z,,,
966a7cbc-18f0-4784-a02b-6445545ecd0e,pat20,med20,2025-06-27T08:00:00Z,2025-06-27T08:51:00Z,taken,null,2025-06-27T08:56:00Z,Dizziness,3,Lightheadedness when standing
dd235423-f3ac-4ff2-9726-21101303e715,pat20,med20,2025-06-28T08:00:00Z,2025-06-28T08:48:00Z,taken,null,2025-06-28T09:14:00Z,Headache,4,Persistent pain
4768a76b-e913-4174-b4ce-6261fcce4c0e,pat20,med20,2025-06-29T08:00:00Z,2025-06-29T08:01:00Z,taken,null,2025-06-29T08:09:00Z,,,
bb69191d-3a98-4be6-a095-9bdc108721e6,pat20,med20,2025-06-30T08:00:00Z,null,missed,Felt unwell,2025-06-30T08:56:00Z,,,
34e68347-9efe-4e1d-8a85-935b2ebabb12,pat21,med21,2025-06-01T08:00:00Z,2025-06-01T08:05:00Z,taken,null,2025-06-01T08:21:00Z,Nausea,2,Mild stomach discomfort
39ab8ffb-5489-4e06-b7fd-b6824dc06d80,pat21,med21,2025-06-02T08:00:00Z,2025-06-02T08:05:00Z,taken,null,2025-06-02T08:13:00Z,,,
9885c0d5-ee07-482e-953c-57f703ccc0be,pat21,med21,2025-06-03T08:00:00Z,2025-06-03T08:13:00Z,taken,null,2025-06-03T08:39:00Z,Nausea,2,Mild stomach discomfort
2649d47a-44ec-4ca5-bcd2-34ab87ae171b,pat21,med21,2025-06-04T08:00:00Z,2025-06-04T08:37:00Z,taken,null,2025-06-04T08:45:00Z,Nausea,2,Mild stomach discomfort
3c3b2da4-d0f5-4722-a615-486323e76762,pat21,med21,2025-06-06T08:00:00Z,2025-06-06T08:34:00Z,taken,null,2025-06-06T08:40:00Z,,,
8a13e74c-b8d9-4410-bb28-198002e7133f,pat21,med21,2025-06-06T08:00:00Z,2025-06-06T08:05:00Z,taken,null,2025-06-06T08:23:00Z,,,
92fcc888-14ff-4556-a081-e578a8867134,pat21,med21,2025-06-07T08:00:00Z,2025-06-07T08:38:00Z,taken,null,2025-06-07T08:53:00Z,Nausea,2,Mild stomach discomfort
1997c3a4-c2ae-43ac-be86-6216de4d5932,pat21,med21,2025-06-08T08:00:00Z,2025-06-08T08:41:00Z,taken,null,2025-06-08T08:56:00Z,Nausea,2,Mild stomach discomfort
dd14487b-30f6-4a85-96d8-685270f49cf4,pat21,med21,2025-06-09T08:00:00Z,2025-06-09T08:21:00Z,taken,null,2025-06-09T08:49:00Z,Headache,4,Persistent pain
34d7140a-223b-4317-b304-f6592490cab9,pat21,med21,2025-06-10T08:00:00Z,2025-06-10T08:50:00Z,taken,null,2025-06-10T08:59:00Z,,,
9fbfc07a-7c46-4734-b572-64c70afecd74,pat21,med21,2025-06-11T08:00:00Z,2025-06-11T08:28:00Z,taken,null,2025-06-11T08:44:00Z,,,
4337f298-7ff6-4d2c-a1c5-ba26c5eea1ad,pat21,med21,2025-06-12T08:00:00Z,2025-06-12T08:34:00Z,taken,null,2025-06-12T08:42:00Z,Dizziness,3,Lightheadedness when standing
620216f0-f086-4d47-97fb-548dc62636f8,pat21,med21,2025-06-13T08:00:00Z,2025-06-13T08:50:00Z,taken,null,2025-06-13T09:19:00Z,Headache,4,Persistent pain
f1758233-5d89-411d-8c77-930537bbe8fe,pat21,med21,2025-06-14T08:00:00Z,null,missed,Felt unwell,2025-06-14T08:57:00Z,,,
b498b32a-7c30-4417-ba94-7abd5162f203,pat21,med21,2025-06-15T08:00:00Z,2025-06-15T08:30:00Z,taken,null,2025-06-15T08:59:00Z,,,
dd9cb3ee-22a4-4467-9d87-f2545acd4701,pat21,med21,2025-06-16T08:00:00Z,2025-06-16T08:55:00Z,taken,null,2025-06-16T09:08:00Z,Nausea,2,Mild stomach discomfort
b406ae3b-9dc5-41fd-918c-eeacf8665909,pat21,med21,2025-06-17T08:00:00Z,2025-06-17T08:34:00Z,taken,null,2025-06-17T08:56:00Z,Fatigue,2,Tiredness throughout the day
56465913-5a9d-4e18-ad2a-916e86db010c,pat21,med21,2025-06-18T08:00:00Z,2025-06-18T08:48:00Z,taken,null,2025-06-18T09:10:00Z,,,
5f8af4e1-9fcb-42a1-a444-5234367363cb,pat21,med21,2025-06-19T08:00:00Z,2025-06-19T08:11:00Z,taken,null,2025-06-19T08:39:00Z,Nausea,2,Mild stomach discomfort
20b0dffc-a64d-42c4-b4ca-11f058556e6d,pat21,med21,2025-06-20T08:00:00Z,2025-06-20T08:29:00Z,taken,null,2025-06-20T08:46:00Z,,,
26b0cae0-f8cc-4312-89ee-7620fad9ee4c,pat21,med21,2025-06-21T08:00:00Z,null,missed,Out of medication,2025-06-21T08:49:00Z,,,
70e007a6-7989-4f61-9bd4-f4a99ce8e3d4,pat21,med21,2025-06-22T08:00:00Z,2025-06-22T08:10:00Z,taken,null,2025-06-22T08:27:00Z,,,
2c81bdbf-88bd-4bde-8acc-5016ec8b3f26,pat21,med21,2025-06-23T08:00:00Z,2025-06-23T08:34:00Z,taken,null,2025-06-23T09:02:00Z,,,
93c0f8b0-0777-4fd1-9401-60237fa00332,pat21,med21,2025-06-24T08:00:00Z,2025-06-24T08:06:00Z,taken,null,2025-06-24T08:18:00Z,,,
d7abdea8-51ec-416b-9927-301b61ec09de,pat21,med21,2025-06-25T08:00:00Z,2025-06-25T08:41:00Z,taken,null,2025-06-25T08:52:00Z,,,
7296ae46-91de-4f8b-8a67-7a862b65dd90,pat21,med21,2025-06-26T08:00:00Z,null,missed,Out of medication,2025-06-26T08:21:00Z,,,
a4f2a577-c14b-426e-81e3-9b48cf3dcc6d,pat21,med21,2025-06-27T08:00:00Z,2025-06-27T08:30:00Z,taken,null,2025-06-27T08:54:00Z,,,
bbe8dbc5-2a50-40a2-a6a4-0b069b29e575,pat21,med21,2025-06-28T08:00:00Z,2025-06-28T08:54:00Z,taken,null,2025-06-28T09:13:00Z,,,
4175dd82-ff00-416c-9e5e-85b18d9c777b,pat21,med21,2025-06-29T08:00:00Z,null,missed,Felt unwell,2025-06-29T08:33:00Z,,,
9c87d895-d452-4365-8b5a-2ed444a5ea6a,pat21,med21,2025-06-30T08:00:00Z,null,missed,Out of medication,2025-06-30T08:26:00Z,,,
2795fd31-e382-4952-b731-10f33f68ea8a,pat22,med22,2025-06-01T08:00:00Z,2025-06-01T08:29:00Z,taken,null,2025-06-01T08:40:00Z,,,
829f3cee-f5e2-4328-b4db-775297bebd79,pat22,med22,2025-06-02T08:00:00Z,2025-06-02T08:04:00Z,taken,null,2025-06-02T08:34:00Z,,,
7bfd307e-f3f6-4903-a26d-eb7fbfc3bbcc,pat22,med22,2025-06-03T08:00:00Z,2025-06-03T08:03:00Z,taken,null,2025-06-03T08:15:00Z,,,
9e8b5f10-7e0e-4715-9cbf-fd7071aa360e,pat22,med22,2025-06-04T08:00:00Z,2025-06-04T08:38:00Z,taken,null,2025-06-04T09:04:00Z,Headache,4,Persistent pain
8947bed9-7d2a-4349-b293-a951357dccf1,pat22,med22,2025-06-06T08:00:00Z,2025-06-06T08:47:00Z,taken,null,2025-06-06T09:12:00Z,Headache,4,Persistent pain
df6a4b7c-3896-4cf9-b04f-efeb5d762cee,pat22,med22,2025-06-06T08:00:00Z,2025-06-06T08:38:00Z,taken,null,2025-06-06T08:43:00Z,Headache,4,Persistent pain
0aeab800-a18d-4117-83e8-debf8bc88f72,pat22,med22,2025-06-07T08:00:00Z,2025-06-07T08:12:00Z,taken,null,2025-06-07T08:20:00Z,Dizziness,3,Lightheadedness when standing
81214aca-68dd-4cfc-8a90-3f656d8610ad,pat22,med22,2025-06-08T08:00:00Z,2025-06-08T08:16:00Z,taken,null,2025-06-08T08:23:00Z,Dizziness,3,Lightheadedness when standing
3236189b-e962-456d-b10f-ec3a5c739731,pat22,med22,2025-06-09T08:00:00Z,2025-06-09T08:24:00Z,taken,null,2025-06-09T08:51:00Z,,,
5be3b917-1540-482a-8235-69d451abe95e,pat22,med22,2025-06-10T08:00:00Z,2025-06-10T08:04:00Z,taken,null,2025-06-10T08:20:00Z,Fatigue,2,Tiredness throughout the day
cbc4e213-b4c8-487d-8de4-a91757660616,pat22,med22,2025-06-11T08:00:00Z,2025-06-11T08:18:00Z,taken,null,2025-06-11T08:43:00Z,,,
6cb53e6d-2440-4be6-b7e5-745109290ab9,pat22,med22,2025-06-12T08:00:00Z,2025-06-12T08:01:00Z,taken,null,2025-06-12T08:18:00Z,,,
1db0dbd3-d4c5-40ee-836f-be619407ccb8,pat22,med22,2025-06-13T08:00:00Z,2025-06-13T08:05:00Z,taken,null,2025-06-13T08:27:00Z,Fatigue,2,Tiredness throughout the day
82e59fed-07a7-4557-94e7-1120de7a1803,pat22,med22,2025-06-14T08:00:00Z,2025-06-14T08:27:00Z,taken,null,2025-06-14T08:40:00Z,,,
213c9f85-f5cb-4bf5-ad5c-c7c12ce4eed2,pat22,med22,2025-06-15T08:00:00Z,2025-06-15T08:19:00Z,taken,null,2025-06-15T08:46:00Z,,,
d9f1b360-e735-4646-a9a0-52ff60578ff3,pat22,med22,2025-06-16T08:00:00Z,2025-06-16T08:56:00Z,taken,null,2025-06-16T09:26:00Z,Dizziness,3,Lightheadedness when standing
9cc78637-06a0-4652-9b1a-f79b3a6e3ae6,pat22,med22,2025-06-17T08:00:00Z,2025-06-17T08:41:00Z,taken,null,2025-06-17T08:56:00Z,Dizziness,3,Lightheadedness when standing
a835eab5-e16e-48e4-a88d-5715ddde7b21,pat22,med22,2025-06-18T08:00:00Z,null,missed,Was traveling,2025-06-18T08:26:00Z,,,
a95e1531-f66e-4238-8162-1604b4478726,pat22,med22,2025-06-19T08:00:00Z,2025-06-19T08:12:00Z,taken,null,2025-06-19T08:37:00Z,,,
0310a70c-2ab8-497a-8941-f8739ce67713,pat22,med22,2025-06-20T08:00:00Z,2025-06-20T08:46:00Z,taken,null,2025-06-20T08:52:00Z,,,
8abf83a2-4cd1-4c6d-993f-e311c2198b2c,pat22,med22,2025-06-21T08:00:00Z,2025-06-21T08:21:00Z,taken,null,2025-06-21T08:29:00Z,,,
080f67bc-0a1c-44b3-8d39-abad51fe51ee,pat22,med22,2025-06-22T08:00:00Z,2025-06-22T08:44:00Z,taken,null,2025-06-22T08:54:00Z,Dizziness,3,Lightheadedness when standing
fa10fffa-c5d3-48ad-963e-51cc7f659cc0,pat22,med22,2025-06-23T08:00:00Z,2025-06-23T08:59:00Z,taken,null,2025-06-23T09:21:00Z,,,
12790c99-8c1f-4bba-a9fe-c9f884692573,pat22,med22,2025-06-24T08:00:00Z,2025-06-24T08:05:00Z,taken,null,2025-06-24T08:34:00Z,Headache,4,Persistent pain
60e2fc0e-1bf1-407c-919e-d480e1e60b7c,pat22,med22,2025-06-25T08:00:00Z,2025-06-25T08:15:00Z,taken,null,2025-06-25T08:39:00Z,,,
86a7d204-39f3-4242-99eb-861c28ad175a,pat22,med22,2025-06-26T08:00:00Z,null,missed,Out of medication,2025-06-26T08:10:00Z,,,
40069d12-3d50-44ae-8783-54352d00c509,pat22,med22,2025-06-27T08:00:00Z,2025-06-27T08:48:00Z,taken,null,2025-06-27T09:08:00Z,Headache,4,Persistent pain
596ffda8-9dcd-4dfb-afee-e44d0e9afd87,pat22,med22,2025-06-28T08:00:00Z,2025-06-28T08:13:00Z,taken,null,2025-06-28T08:29:00Z,,,
868c892c-826d-4391-8db0-c5fb97d4af35,pat22,med22,2025-06-29T08:00:00Z,2025-06-29T08:12:00Z,taken,null,2025-06-29T08:19:00Z,Headache,4,Persistent pain
b8ac0590-7589-422e-8a33-9efe8a1c204f,pat22,med22,2025-06-30T08:00:00Z,2025-06-30T08:04:00Z,taken,null,2025-06-30T08:29:00Z,,,
abdb6587-6cb0-4b5f-a7f9-44e930e26403,pat23,med23,2025-06-01T08:00:00Z,2025-06-01T08:04:00Z,taken,null,2025-06-01T08:24:00Z,Fatigue,2,Tiredness throughout the day
81adee4d-9117-4315-8f88-e68845aa379a,pat23,med23,2025-06-02T08:00:00Z,2025-06-02T08:25:00Z,taken,null,2025-06-02T08:54:00Z,,,
b675f418-e796-4159-982f-17f771c16570,pat23,med23,2025-06-03T08:00:00Z,2025-06-03T08:44:00Z,taken,null,2025-06-03T08:58:00Z,,,
ea822c9c-a1d8-4e7a-9c68-81a1fb2cc783,pat23,med23,2025-06-04T08:00:00Z,2025-06-04T08:47:00Z,taken,null,2025-06-04T08:52:00Z,,,
fc780962-677a-4cd8-934a-df4718eafb79,pat23,med23,2025-06-06T08:00:00Z,2025-06-06T08:01:00Z,taken,null,2025-06-06T08:21:00Z,Headache,4,Persistent pain
0687314f-f340-4d02-b023-efe1e973ab2b,pat23,med23,2025-06-06T08:00:00Z,2025-06-06T08:05:00Z,taken,null,2025-06-06T08:10:00Z,Headache,4,Persistent pain
dab0b55c-80ff-4202-a5fe-489e3da07741,pat23,med23,2025-06-07T08:00:00Z,null,missed,Felt unwell,2025-06-07T08:24:00Z,,,
7ad5672f-c1a2-4cbd-85cd-4ad209a33504,pat23,med23,2025-06-08T08:00:00Z,2025-06-08T08:59:00Z,taken,null,2025-06-08T09:06:00Z,,,
5d801da7-b40f-43be-9f26-b76e0ec9034d,pat23,med23,2025-06-09T08:00:00Z,2025-06-09T08:15:00Z,taken,null,2025-06-09T08:28:00Z,,,
b85bd932-8e8b-4387-84aa-933569ebad44,pat23,med23,2025-06-10T08:00:00Z,2025-06-10T08:18:00Z,taken,null,2025-06-10T08:32:00Z,,,
0f784fa9-9ef2-485a-9a1c-f0f005a5834a,pat23,med23,2025-06-11T08:00:00Z,2025-06-11T08:50:00Z,taken,null,2025-06-11T09:14:00Z,,,
ef8811d3-ef9c-4177-9a4c-6956f67d9d10,pat23,med23,2025-06-12T08:00:00Z,2025-06-12T08:13:00Z,taken,null,2025-06-12T08:29:00Z,,,
66e6de75-268b-4fd5-82fc-6a01410b71cc,pat23,med23,2025-06-13T08:00:00Z,2025-06-13T08:39:00Z,taken,null,2025-06-13T09:00:00Z,,,
e4787d16-cb43-4ed4-8353-7779a6556fd4,pat23,med23,2025-06-14T08:00:00Z,2025-06-14T08:39:00Z,taken,null,2025-06-14T08:48:00Z,,,
f4b8ce8a-c31c-49ae-b56b-be560244cbef,pat23,med23,2025-06-15T08:00:00Z,2025-06-15T08:25:00Z,taken,null,2025-06-15T08:34:00Z,,,
21c10f6b-4b97-4b55-9521-3fa0b465dd9a,pat23,med23,2025-06-16T08:00:00Z,2025-06-16T08:59:00Z,taken,null,2025-06-16T09:14:00Z,Dizziness,3,Lightheadedness when standing
f1d800fe-a690-4b4c-a0c3-70ad1aa4a54a,pat23,med23,2025-06-17T08:00:00Z,2025-06-17T08:27:00Z,taken,null,2025-06-17T08:53:00Z,Nausea,2,Mild stomach discomfort
60bcc07d-1e69-49ab-b384-50ecf03fdc1d,pat23,med23,2025-06-18T08:00:00Z,2025-06-18T08:40:00Z,taken,null,2025-06-18T09:03:00Z,,,
6d4e29d5-9481-4078-8902-dc05fd0f8ec4,pat23,med23,2025-06-19T08:00:00Z,2025-06-19T08:24:00Z,taken,null,2025-06-19T08:34:00Z,,,
5bba86d7-20d6-424d-9b92-9cc5e5a924f6,pat23,med23,2025-06-20T08:00:00Z,2025-06-20T08:30:00Z,taken,null,2025-06-20T08:42:00Z,Headache,4,Persistent pain
18d3cc24-f338-425d-9f5b-8ef71f881785,pat23,med23,2025-06-21T08:00:00Z,2025-06-21T08:02:00Z,taken,null,2025-06-21T08:22:00Z,,,
e1f0f822-d4bc-46f8-b543-c229e7a27593,pat23,med23,2025-06-22T08:00:00Z,2025-06-22T08:48:00Z,taken,null,2025-06-22T09:05:00Z,,,
9cc03cab-7def-4aaa-8c6f-f6eb6613d819,pat23,med23,2025-06-23T08:00:00Z,2025-06-23T08:16:00Z,taken,null,2025-06-23T08:24:00Z,Headache,4,Persistent pain
999400a7-2598-4eef-a747-34f538f526c4,pat23,med23,2025-06-24T08:00:00Z,2025-06-24T08:38:00Z,taken,null,2025-06-24T08:51:00Z,,,
40f34a61-0034-4c79-a3d3-1e2b4f723699,pat23,med23,2025-06-25T08:00:00Z,2025-06-25T08:04:00Z,taken,null,2025-06-25T08:23:00Z,,,
cacc35e6-ff25-4abd-b23c-1de82fa22c9b,pat23,med23,2025-06-26T08:00:00Z,2025-06-26T08:20:00Z,taken,null,2025-06-26T08:38:00Z,Nausea,2,Mild stomach discomfort
fa16adb6-13db-4091-a36a-4ef57fdf1496,pat23,med23,2025-06-27T08:00:00Z,2025-06-27T08:28:00Z,taken,null,2025-06-27T08:39:00Z,,,
9fc83525-8ad1-4e5d-90c6-669039c15b53,pat23,med23,2025-06-28T08:00:00Z,2025-06-28T08:59:00Z,taken,null,2025-06-28T09:11:00Z,,,
eb5f5a8d-c326-4545-aaba-eec8f085de0e,pat23,med23,2025-06-29T08:00:00Z,2025-06-29T08:32:00Z,taken,null,2025-06-29T08:40:00Z,,,
b645d544-a9f7-4c2b-8f51-83513e88c48f,pat23,med23,2025-06-30T08:00:00Z,2025-06-30T08:41:00Z,taken,null,2025-06-30T09:05:00Z,,,
b4b5650c-744f-451c-b575-48118dfc5aa4,pat24,med24,2025-06-01T08:00:00Z,2025-06-01T08:05:00Z,taken,null,2025-06-01T08:25:00Z,Nausea,2,Mild stomach discomfort
7ebbf0cd-2305-462a-a2d2-c2f7e8243cd8,pat24,med24,2025-06-02T08:00:00Z,2025-06-02T08:46:00Z,taken,null,2025-06-02T09:12:00Z,Fatigue,2,Tiredness throughout the day
093ce347-89b1-4672-9597-38dc1032ebe5,pat24,med24,2025-06-03T08:00:00Z,2025-06-03T08:06:00Z,taken,null,2025-06-03T08:23:00Z,Nausea,2,Mild stomach discomfort
4e399560-31be-4a81-8bea-52000e47a5d8,pat24,med24,2025-06-04T08:00:00Z,2025-06-04T08:25:00Z,taken,null,2025-06-04T08:43:00Z,,,
b43e00d0-3c13-466f-8259-15305c9fa3eb,pat24,med24,2025-06-06T08:00:00Z,2025-06-06T08:00:00Z,taken,null,2025-06-06T08:11:00Z,,,
4033d9b0-6fda-4dbe-9730-1e46555b6fbc,pat24,med24,2025-06-06T08:00:00Z,2025-06-06T08:15:00Z,taken,null,2025-06-06T08:36:00Z,Nausea,2,Mild stomach discomfort
319f8f98-ea89-4500-b621-62754860564a,pat24,med24,2025-06-07T08:00:00Z,2025-06-07T08:10:00Z,taken,null,2025-06-07T08:19:00Z,Dizziness,3,Lightheadedness when standing
8765e5fa-6fc7-4b1e-9ecc-5b8d9335badf,pat24,med24,2025-06-08T08:00:00Z,2025-06-08T08:55:00Z,taken,null,2025-06-08T09:10:00Z,,,
0a794fdb-6eac-4f7b-bfed-f0492bb2f4f5,pat24,med24,2025-06-09T08:00:00Z,2025-06-09T08:31:00Z,taken,null,2025-06-09T08:41:00Z,,,
41ad7ddb-82f8-4c6a-a673-c4bba986edaa,pat24,med24,2025-06-10T08:00:00Z,2025-06-10T08:21:00Z,taken,null,2025-06-10T08:44:00Z,Fatigue,2,Tiredness throughout the day
4fba139b-eb49-4d64-b3ea-350afc17431a,pat24,med24,2025-06-11T08:00:00Z,2025-06-11T08:44:00Z,taken,null,2025-06-11T09:09:00Z,Dizziness,3,Lightheadedness when standing
cd94dc9b-95f9-4930-9d3e-0625372857b3,pat24,med24,2025-06-12T08:00:00Z,null,missed,Was traveling,2025-06-12T08:58:00Z,,,
d780eef1-4b7d-4064-b488-ec2079a9656a,pat24,med24,2025-06-13T08:00:00Z,2025-06-13T08:02:00Z,taken,null,2025-06-13T08:29:00Z,,,
2d3f37c4-461b-4dcb-bb05-0ef22abebb1a,pat24,med24,2025-06-14T08:00:00Z,2025-06-14T08:18:00Z,taken,null,2025-06-14T08:39:00Z,Dizziness,3,Lightheadedness when standing
c1fe677b-94b5-4c71-b0fe-fea79da1d0fc,pat24,med24,2025-06-15T08:00:00Z,2025-06-15T08:35:00Z,taken,null,2025-06-15T08:52:00Z,,,
d6cd4cda-5581-457c-83f1-8a5408c6ab56,pat24,med24,2025-06-16T08:00:00Z,null,missed,Forgot to take,2025-06-16T08:24:00Z,,,
1e0aeb3b-98c9-433a-a2b7-0e1caad62967,pat24,med24,2025-06-17T08:00:00Z,2025-06-17T08:28:00Z,taken,null,2025-06-17T08:50:00Z,,,
daee9819-33c4-491d-8676-a2d0757f15f5,pat24,med24,2025-06-18T08:00:00Z,2025-06-18T08:58:00Z,taken,null,2025-06-18T09:18:00Z,Headache,4,Persistent pain
b6be1079-0e6c-4bcd-98b5-f162d2cfcdd9,pat24,med24,2025-06-19T08:00:00Z,null,missed,Was traveling,2025-06-19T08:47:00Z,,,
41c0f466-207d-498c-a270-973f794f792a,pat24,med24,2025-06-20T08:00:00Z,2025-06-20T08:23:00Z,taken,null,2025-06-20T08:41:00Z,,,
2cb5f03d-29d6-450d-93ff-1f9bcb5eb3ce,pat24,med24,2025-06-21T08:00:00Z,2025-06-21T08:16:00Z,taken,null,2025-06-21T08:31:00Z,Fatigue,2,Tiredness throughout the day
724064db-899a-4102-b20d-411fdc1af6b1,pat24,med24,2025-06-22T08:00:00Z,2025-06-22T08:55:00Z,taken,null,2025-06-22T09:10:00Z,,,
e12d8199-ebbb-48ad-966f-e3800b3cd7cd,pat24,med24,2025-06-23T08:00:00Z,2025-06-23T08:31:00Z,taken,null,2025-06-23T08:45:00Z,,,
e5f5f151-790d-4b6c-a2d8-8429350c6072,pat24,med24,2025-06-24T08:00:00Z,2025-06-24T08:47:00Z,taken,null,2025-06-24T09:01:00Z,Fatigue,2,Tiredness throughout the day
a9eff70d-67e4-463a-845b-d033b85b1968,pat24,med24,2025-06-25T08:00:00Z,2025-06-25T08:44:00Z,taken,null,2025-06-25T08:51:00Z,,,
12deb9bb-b025-4b17-9d93-8b5d6706eee1,pat24,med24,2025-06-26T08:00:00Z,2025-06-26T08:17:00Z,taken,null,2025-06-26T08:35:00Z,Dizziness,3,Lightheadedness when standing
69e845c0-704c-47ab-b3e9-68fcdf002c8a,pat24,med24,2025-06-27T08:00:00Z,2025-06-27T08:00:00Z,taken,null,2025-06-27T08:29:00Z,Headache,4,Persistent pain
6eb96e64-c06e-432a-88dc-321719746465,pat24,med24,2025-06-28T08:00:00Z,2025-06-28T08:03:00Z,taken,null,2025-06-28T08:17:00Z,Nausea,2,Mild stomach discomfort
6fce6fbd-0637-41ae-8d3a-e20365455c3d,pat24,med24,2025-06-29T08:00:00Z,2025-06-29T08:57:00Z,taken,null,2025-06-29T09:13:00Z,,,
130386c4-bca2-4a95-bc9a-3125c924b8b7,pat24,med24,2025-06-30T08:00:00Z,2025-06-30T08:40:00Z,taken,null,2025-06-30T08:47:00Z,,,
0d845d88-f647-4c83-a1de-54bc75440485,pat25,med25,2025-06-01T08:00:00Z,2025-06-01T08:22:00Z,taken,null,2025-06-01T08:41:00Z,Headache,4,Persistent pain
f6fe4209-32a9-44e3-8865-73468304692a,pat25,med25,2025-06-02T08:00:00Z,2025-06-02T08:37:00Z,taken,null,2025-06-02T08:47:00Z,,,
62209a87-2e5d-4300-aac0-1c0ce86a97a9,pat25,med25,2025-06-03T08:00:00Z,2025-06-03T08:00:00Z,taken,null,2025-06-03T08:14:00Z,,,
0bf87240-158f-4eac-819f-145905fe43ad,pat25,med25,2025-06-04T08:00:00Z,null,missed,Was traveling,2025-06-04T08:54:00Z,,,
3ebab317-522d-45b0-8c0a-9e4f0e7aeb42,pat25,med25,2025-06-06T08:00:00Z,2025-06-06T08:47:00Z,taken,null,2025-06-06T08:57:00Z,,,
b2c6d444-6c27-4882-8279-d2b0bcd50c69,pat25,med25,2025-06-06T08:00:00Z,2025-06-06T08:54:00Z,taken,null,2025-06-06T09:03:00Z,Dizziness,3,Lightheadedness when standing
e63eb5ff-1c80-44d2-9efa-0807e892cc5a,pat25,med25,2025-06-07T08:00:00Z,2025-06-07T08:20:00Z,taken,null,2025-06-07T08:48:00Z,Fatigue,2,Tiredness throughout the day
8d5bb9f8-0de2-4abe-bc9f-8db37a1a38e3,pat25,med25,2025-06-08T08:00:00Z,2025-06-08T08:15:00Z,taken,null,2025-06-08T08:29:00Z,,,
504a17d9-63fb-4364-80b6-9205a5b080f4,pat25,med25,2025-06-09T08:00:00Z,2025-06-09T08:23:00Z,taken,null,2025-06-09T08:37:00Z,Fatigue,2,Tiredness throughout the day
079fd1d5-96d1-4a06-afa2-2f4cea28b0fa,pat25,med25,2025-06-10T08:00:00Z,null,missed,Felt unwell,2025-06-10T08:51:00Z,,,
124648b0-2e93-404e-a45c-abc2f3042b9c,pat25,med25,2025-06-11T08:00:00Z,2025-06-11T08:27:00Z,taken,null,2025-06-11T08:41:00Z,,,
55ee6010-0ef1-481c-bd8a-ff36f4607156,pat25,med25,2025-06-12T08:00:00Z,2025-06-12T08:02:00Z,taken,null,2025-06-12T08:07:00Z,,,
a725b209-078e-4951-b70c-9739942cb8fd,pat25,med25,2025-06-13T08:00:00Z,2025-06-13T08:03:00Z,taken,null,2025-06-13T08:31:00Z,Headache,4,Persistent pain
b695b51f-5b01-48fc-bb90-932068705691,pat25,med25,2025-06-14T08:00:00Z,2025-06-14T08:07:00Z,taken,null,2025-06-14T08:24:00Z,Nausea,2,Mild stomach discomfort
a5634993-0491-4258-8533-42df7133fe54,pat25,med25,2025-06-15T08:00:00Z,2025-06-15T08:24:00Z,taken,null,2025-06-15T08:33:00Z,,,
56c939a4-13bc-4252-951b-8b871ee9aab9,pat25,med25,2025-06-16T08:00:00Z,2025-06-16T08:09:00Z,taken,null,2025-06-16T08:30:00Z,Headache,4,Persistent pain
6f68e581-3b92-4db7-87ff-4c4ccc3da05c,pat25,med25,2025-06-17T08:00:00Z,null,missed,Out of medication,2025-06-17T08:18:00Z,,,
c4c9c111-15de-431a-a40d-084919f71b1d,pat25,med25,2025-06-18T08:00:00Z,2025-06-18T08:39:00Z,taken,null,2025-06-18T09:06:00Z,Fatigue,2,Tiredness throughout the day
729e3192-5e06-48b8-b07f-f5e632883038,pat25,med25,2025-06-19T08:00:00Z,2025-06-19T08:19:00Z,taken,null,2025-06-19T08:25:00Z,Dizziness,3,Lightheadedness when standing
52992c4f-558b-4d2a-8c84-9abe981bb27a,pat25,med25,2025-06-20T08:00:00Z,2025-06-20T08:20:00Z,taken,null,2025-06-20T08:31:00Z,,,
2c38ec38-acb1-4bdf-8a7b-ebd52a81ce6b,pat25,med25,2025-06-21T08:00:00Z,2025-06-21T08:56:00Z,taken,null,2025-06-21T09:06:00Z,Dizziness,3,Lightheadedness when standing
220a964e-f334-4783-8161-59b5b4c533da,pat25,med25,2025-06-22T08:00:00Z,2025-06-22T08:15:00Z,taken,null,2025-06-22T08:31:00Z,Headache,4,Persistent pain
e3bad2fd-66ba-4a46-98a0-6bc8db473873,pat25,med25,2025-06-23T08:00:00Z,2025-06-23T08:44:00Z,taken,null,2025-06-23T09:00:00Z,,,
fb6def4f-1e46-4974-9212-fe0db3d13651,pat25,med25,2025-06-24T08:00:00Z,2025-06-24T08:44:00Z,taken,null,2025-06-24T08:50:00Z,,,
decbd3f1-7bc1-4ccb-addc-f013346853ff,pat25,med25,2025-06-25T08:00:00Z,2025-06-25T08:18:00Z,taken,null,2025-06-25T08:31:00Z,Nausea,2,Mild stomach discomfort
c8ba9046-260e-42e2-bd05-6680fa8a3461,pat25,med25,2025-06-26T08:00:00Z,2025-06-26T08:08:00Z,taken,null,2025-06-26T08:28:00Z,,,
435c9b9e-d5ab-4fb0-9edb-b0a6b5b0212b,pat25,med25,2025-06-27T08:00:00Z,2025-06-27T08:38:00Z,taken,null,2025-06-27T09:01:00Z,,,
27f7ebdf-5d60-4483-8a5a-79d29bc67be3,pat25,med25,2025-06-28T08:00:00Z,2025-06-28T08:31:00Z,taken,null,2025-06-28T08:53:00Z,,,
65dc91cb-4082-48d2-8cb6-358ebf4b5062,pat25,med25,2025-06-29T08:00:00Z,2025-06-29T08:12:00Z,taken,null,2025-06-29T08:22:00Z,Fatigue,2,Tiredness throughout the day
4ed5e6e5-80f2-4550-be3d-7d4a4706ce52,pat25,med25,2025-06-30T08:00:00Z,2025-06-30T08:28:00Z,taken,null,2025-06-30T08:42:00Z,,,
75f81b7b-fd67-4099-bad5-191dd67e8100,pat26,med26,2025-06-01T08:00:00Z,2025-06-01T08:09:00Z,taken,null,2025-06-01T08:19:00Z,Nausea,2,Mild stomach discomfort
815748d3-281c-476a-ab61-5a4db2fbb7ab,pat26,med26,2025-06-02T08:00:00Z,2025-06-02T08:15:00Z,taken,null,2025-06-02T08:43:00Z,,,
1a00b178-1ac2-4d36-9a9f-85532d26a056,pat26,med26,2025-06-03T08:00:00Z,null,missed,Out of medication,2025-06-03T08:10:00Z,,,
b83df773-0887-444e-8298-02c707a45eff,pat26,med26,2025-06-04T08:00:00Z,2025-06-04T08:42:00Z,taken,null,2025-06-04T09:00:00Z,,,
3fcb3233-b39b-4e07-877c-28f43408ef33,pat26,med26,2025-06-06T08:00:00Z,2025-06-06T08:13:00Z,taken,null,2025-06-06T08:37:00Z,Headache,4,Persistent pain
18512e10-e5cf-48b4-9b8a-cd24cb7cb65d,pat26,med26,2025-06-06T08:00:00Z,null,missed,Felt unwell,2025-06-06T08:24:00Z,,,
f33d9f95-66fd-403b-89ff-4c004f6e3809,pat26,med26,2025-06-07T08:00:00Z,2025-06-07T08:53:00Z,taken,null,2025-06-07T09:12:00Z,Headache,4,Persistent pain
d0c1e0d8-66cf-4cad-87a8-462bc10d1e49,pat26,med26,2025-06-08T08:00:00Z,2025-06-08T08:23:00Z,taken,null,2025-06-08T08:41:00Z,,,
e02b9a5d-a861-435d-820f-1507b70bdc8b,pat26,med26,2025-06-09T08:00:00Z,2025-06-09T08:59:00Z,taken,null,2025-06-09T09:13:00Z,,,
55b4613d-a047-4aac-b61e-5a271e1c6ca9,pat26,med26,2025-06-10T08:00:00Z,2025-06-10T08:04:00Z,taken,null,2025-06-10T08:25:00Z,,,
4635929e-1b35-4849-be23-254ea0ecd7c2,pat26,med26,2025-06-11T08:00:00Z,2025-06-11T08:20:00Z,taken,null,2025-06-11T08:43:00Z,,,
21531328-8163-493a-b880-bf21faf54e38,pat26,med26,2025-06-12T08:00:00Z,2025-06-12T08:18:00Z,taken,null,2025-06-12T08:42:00Z,,,
227728ea-2c06-48c7-a318-0604207e7e5a,pat26,med26,2025-06-13T08:00:00Z,2025-06-13T08:10:00Z,taken,null,2025-06-13T08:22:00Z,,,
0ce08453-d4d1-4be2-854f-e585da216566,pat26,med26,2025-06-14T08:00:00Z,null,missed,Out of medication,2025-06-14T08:16:00Z,,,
9fc08249-d638-4e0d-95ff-0e8e8b6a135a,pat26,med26,2025-06-15T08:00:00Z,2025-06-15T08:15:00Z,taken,null,2025-06-15T08:31:00Z,,,
04ce621b-33d2-427f-bd13-33f667869700,pat26,med26,2025-06-16T08:00:00Z,2025-06-16T08:01:00Z,taken,null,2025-06-16T08:17:00Z,Nausea,2,Mild stomach discomfort
bdd55b0a-7e9a-4728-a44c-c7460fd760b0,pat26,med26,2025-06-17T08:00:00Z,2025-06-17T08:56:00Z,taken,null,2025-06-17T09:03:00Z,,,
1adfe4c0-2093-4b0d-ad57-a8881e9eaef3,pat26,med26,2025-06-18T08:00:00Z,2025-06-18T08:11:00Z,taken,null,2025-06-18T08:40:00Z,Headache,4,Persistent pain
434bf531-8ce6-4531-a68a-ef4cf009ed74,pat26,med26,2025-06-19T08:00:00Z,null,missed,Was traveling,2025-06-19T08:26:00Z,,,
b7e32d5a-4ccd-4a11-a4a6-e4bcdc13b3e7,pat26,med26,2025-06-20T08:00:00Z,2025-06-20T08:16:00Z,taken,null,2025-06-20T08:22:00Z,Fatigue,2,Tiredness throughout the day
3712a43a-a256-4284-8703-06a04111b076,pat26,med26,2025-06-21T08:00:00Z,2025-06-21T08:10:00Z,taken,null,2025-06-21T08:21:00Z,,,
0b93f7cf-6724-440f-a095-d474514790cf,pat26,med26,2025-06-22T08:00:00Z,2025-06-22T08:54:00Z,taken,null,2025-06-22T09:24:00Z,,,
021c6deb-1cdc-488d-9f91-02cb230a6ebf,pat26,med26,2025-06-23T08:00:00Z,null,missed,Was traveling,2025-06-23T08:52:00Z,,,
a1e271f8-b769-4ead-830c-2efa5a7275f3,pat26,med26,2025-06-24T08:00:00Z,2025-06-24T08:34:00Z,taken,null,2025-06-24T08:53:00Z,Dizziness,3,Lightheadedness when standing
31e848ba-b7f0-45a6-a201-5dfad675163b,pat26,med26,2025-06-25T08:00:00Z,2025-06-25T08:40:00Z,taken,null,2025-06-25T08:59:00Z,,,
6fb005b3-823a-4d35-af29-ff1ca3c5ee6c,pat26,med26,2025-06-26T08:00:00Z,2025-06-26T08:52:00Z,taken,null,2025-06-26T09:18:00Z,,,
a47003f4-eea9-46cd-8cfb-bea86ee6ab3c,pat26,med26,2025-06-27T08:00:00Z,null,missed,Out of medication,2025-06-27T08:49:00Z,,,
e5401546-76ca-4ac5-bd1e-ded8095004f9,pat26,med26,2025-06-28T08:00:00Z,2025-06-28T08:13:00Z,taken,null,2025-06-28T08:39:00Z,Headache,4,Persistent pain
2a5fa10f-f3e8-421a-95f5-8ac05511b446,pat26,med26,2025-06-29T08:00:00Z,2025-06-29T08:11:00Z,taken,null,2025-06-29T08:25:00Z,,,
8384725f-e112-4e5c-bf33-76b615ac31e1,pat26,med26,2025-06-30T08:00:00Z,2025-06-30T08:51:00Z,taken,null,2025-06-30T09:04:00Z,Dizziness,3,Lightheadedness when standing
3a4b3ddd-0e7f-4d0f-b6aa-0113d96b0bcd,pat27,med27,2025-06-01T08:00:00Z,2025-06-01T08:12:00Z,taken,null,2025-06-01T08:19:00Z,Fatigue,2,Tiredness throughout the day
6dea4d66-c259-4d47-94ba-abc00e3f3552,pat27,med27,2025-06-02T08:00:00Z,2025-06-02T08:18:00Z,taken,null,2025-06-02T08:40:00Z,Nausea,2,Mild stomach discomfort
b9426738-c5f9-41e5-9a94-56529cd71f73,pat27,med27,2025-06-03T08:00:00Z,2025-06-03T08:24:00Z,taken,null,2025-06-03T08:41:00Z,,,
05db403e-0944-43f8-ad81-6a3e16dfcab1,pat27,med27,2025-06-04T08:00:00Z,null,missed,Felt unwell,2025-06-04T08:14:00Z,,,
321c904f-0da1-4cb0-89f5-681be9308605,pat27,med27,2025-06-06T08:00:00Z,null,missed,Out of medication,2025-06-06T08:43:00Z,,,
2d05d740-3edc-4bef-9f28-c0770cdc0e11,pat27,med27,2025-06-06T08:00:00Z,2025-06-06T08:15:00Z,taken,null,2025-06-06T08:25:00Z,,,
ee1d37f3-08a3-466c-aea9-9af5a681d6d4,pat27,med27,2025-06-07T08:00:00Z,2025-06-07T08:54:00Z,taken,null,2025-06-07T09:18:00Z,,,
feadd001-b834-40b6-b6a9-b06d420f7e23,pat27,med27,2025-06-08T08:00:00Z,2025-06-08T08:02:00Z,taken,null,2025-06-08T08:18:00Z,,,
b8a09694-8e92-4fcc-a5fc-1403f5433506,pat27,med27,2025-06-09T08:00:00Z,2025-06-09T08:26:00Z,taken,null,2025-06-09T08:55:00Z,,,
48336718-3f0f-463a-86b0-3ecc784f2644,pat27,med27,2025-06-10T08:00:00Z,2025-06-10T09:00:00Z,taken,null,2025-06-10T09:14:00Z,,,
8023589c-4bcc-41ed-b9d1-1e4a562292d9,pat27,med27,2025-06-11T08:00:00Z,2025-06-11T08:20:00Z,taken,null,2025-06-11T08:37:00Z,Dizziness,3,Lightheadedness when standing
7e594875-25b3-4793-94e6-eddaf55337f1,pat27,med27,2025-06-12T08:00:00Z,2025-06-12T08:40:00Z,taken,null,2025-06-12T08:53:00Z,,,
fcc2a74a-9828-4d03-95cf-dd6fbc808267,pat27,med27,2025-06-13T08:00:00Z,2025-06-13T08:14:00Z,taken,null,2025-06-13T08:42:00Z,Fatigue,2,Tiredness throughout the day
64d3fbe3-9440-459a-ad48-6292f779af40,pat27,med27,2025-06-14T08:00:00Z,2025-06-14T08:49:00Z,taken,null,2025-06-14T09:08:00Z,,,
b51c3099-694b-41e5-88e1-5f0e744398fc,pat27,med27,2025-06-15T08:00:00Z,2025-06-15T08:25:00Z,taken,null,2025-06-15T08:37:00Z,,,
05c7fe1b-8a32-41ed-aa17-d5af429f413a,pat27,med27,2025-06-16T08:00:00Z,2025-06-16T08:09:00Z,taken,null,2025-06-16T08:14:00Z,,,
24eaf3b7-10f1-4243-abe1-8a98d7a52f1b,pat27,med27,2025-06-17T08:00:00Z,2025-06-17T08:00:00Z,taken,null,2025-06-17T08:30:00Z,Fatigue,2,Tiredness throughout the day
d4c539cf-6639-4d15-a878-82c756ad3ece,pat27,med27,2025-06-18T08:00:00Z,2025-06-18T08:42:00Z,taken,null,2025-06-18T08:52:00Z,Headache,4,Persistent pain
3af43b45-4378-4472-84d3-cc6b2aed37f5,pat27,med27,2025-06-19T08:00:00Z,2025-06-19T08:16:00Z,taken,null,2025-06-19T08:31:00Z,Dizziness,3,Lightheadedness when standing
01b2995e-9c05-45fb-b272-febc9a849f7e,pat27,med27,2025-06-20T08:00:00Z,2025-06-20T08:15:00Z,taken,null,2025-06-20T08:33:00Z,,,
fdda1fd5-94e4-424d-ae82-9104bc93bf84,pat27,med27,2025-06-21T08:00:00Z,2025-06-21T08:21:00Z,taken,null,2025-06-21T08:38:00Z,,,
dfabc78c-d07c-4e9b-9d3e-5335015676be,pat27,med27,2025-06-22T08:00:00Z,null,missed,Forgot to take,2025-06-22T08:12:00Z,,,
7371cbe8-df51-43b7-a408-def06e8a9d62,pat27,med27,2025-06-23T08:00:00Z,2025-06-23T08:55:00Z,taken,null,2025-06-23T09:24:00Z,Dizziness,3,Lightheadedness when standing
a30a1fd1-8b1e-4d5b-8559-f00db5917018,pat27,med27,2025-06-24T08:00:00Z,2025-06-24T08:31:00Z,taken,null,2025-06-24T08:56:00Z,,,
ed0d9464-85b6-462e-8294-385c0eb0e28b,pat27,med27,2025-06-25T08:00:00Z,2025-06-25T08:40:00Z,taken,null,2025-06-25T08:46:00Z,Dizziness,3,Lightheadedness when standing
1bbeb0dc-11f0-47c0-b31f-6f035805811a,pat27,med27,2025-06-26T08:00:00Z,null,missed,Forgot to take,2025-06-26T08:45:00Z,,,
202b791f-09bf-4ad0-8f60-c43e302c3369,pat27,med27,2025-06-27T08:00:00Z,2025-06-27T08:02:00Z,taken,null,2025-06-27T08:27:00Z,,,
e521df76-bec4-4129-b8fb-c1a1bc5c98ab,pat27,med27,2025-06-28T08:00:00Z,2025-06-28T08:40:00Z,taken,null,2025-06-28T08:56:00Z,,,
5b2f1714-ab65-45c2-a534-95c97237f2df,pat27,med27,2025-06-29T08:00:00Z,2025-06-29T08:04:00Z,taken,null,2025-06-29T08:15:00Z,,,
b4e43bf5-f783-4330-94c3-a44b56572a65,pat27,med27,2025-06-30T08:00:00Z,null,missed,Was traveling,2025-06-30T08:26:00Z,,,
2ff00260-9413-4f59-86e4-b28f024a6325,pat28,med28,2025-06-01T08:00:00Z,2025-06-01T08:27:00Z,taken,null,2025-06-01T08:35:00Z,,,
380049d0-c4f5-45e3-b125-cc3d19e7de1b,pat28,med28,2025-06-02T08:00:00Z,2025-06-02T08:04:00Z,taken,null,2025-06-02T08:18:00Z,Nausea,2,Mild stomach discomfort
b44d2d22-0982-454f-a9ed-d171708e9c58,pat28,med28,2025-06-03T08:00:00Z,2025-06-03T08:03:00Z,taken,null,2025-06-03T08:17:00Z,,,
e0a96721-defc-49a2-86f6-60bfc934e6ac,pat28,med28,2025-06-04T08:00:00Z,2025-06-04T08:02:00Z,taken,null,2025-06-04T08:18:00Z,,,
0ccd5afc-cce9-4d74-a543-e9308ba1d886,pat28,med28,2025-06-06T08:00:00Z,null,missed,Was traveling,2025-06-06T08:36:00Z,,,
4e7d5c46-986f-44d7-9019-f5a7da60cdd3,pat28,med28,2025-06-06T08:00:00Z,2025-06-06T08:17:00Z,taken,null,2025-06-06T08:26:00Z,,,
6fd0939a-4541-40a2-9528-fafd1e9b7c3c,pat28,med28,2025-06-07T08:00:00Z,null,missed,Felt unwell,2025-06-07T08:29:00Z,,,
cbb63766-d69d-4725-a136-ca992c6e6d7c,pat28,med28,2025-06-08T08:00:00Z,2025-06-08T08:19:00Z,taken,null,2025-06-08T08:29:00Z,Fatigue,2,Tiredness throughout the day
9a02e8fb-9dac-401a-9425-41f2fc7921ea,pat28,med28,2025-06-09T08:00:00Z,2025-06-09T08:00:00Z,taken,null,2025-06-09T08:30:00Z,,,
6144d674-7ef5-4a42-ac05-1162b05ff2f7,pat28,med28,2025-06-10T08:00:00Z,2025-06-10T08:08:00Z,taken,null,2025-06-10T08:37:00Z,,,
41dd929f-ccf1-4d0f-afdc-6713cd4fa409,pat28,med28,2025-06-11T08:00:00Z,2025-06-11T08:41:00Z,taken,null,2025-06-11T08:57:00Z,,,
2224ef0e-fe0e-42fc-9d48-117703e2b0fa,pat28,med28,2025-06-12T08:00:00Z,2025-06-12T08:35:00Z,taken,null,2025-06-12T08:41:00Z,Dizziness,3,Lightheadedness when standing
93ad9505-610b-4203-bb1c-a154fa84ac28,pat28,med28,2025-06-13T08:00:00Z,2025-06-13T08:18:00Z,taken,null,2025-06-13T08:37:00Z,,,
dabb726a-3707-4e01-ab39-209315d5572f,pat28,med28,2025-06-14T08:00:00Z,2025-06-14T08:35:00Z,taken,null,2025-06-14T09:02:00Z,Headache,4,Persistent pain
af6ffce9-db72-45cd-b9c9-bbc4d8dec537,pat28,med28,2025-06-15T08:00:00Z,2025-06-15T08:40:00Z,taken,null,2025-06-15T09:08:00Z,Fatigue,2,Tiredness throughout the day
5fe02953-f0dd-4250-99e7-e305a26fabc2,pat28,med28,2025-06-16T08:00:00Z,2025-06-16T08:57:00Z,taken,null,2025-06-16T09:02:00Z,Nausea,2,Mild stomach discomfort
cb28839d-8f22-49e2-bf6d-a40c88ad08dc,pat28,med28,2025-06-17T08:00:00Z,2025-06-17T08:26:00Z,taken,null,2025-06-17T08:46:00Z,Fatigue,2,Tiredness throughout the day
4c76f6e8-adb2-40f5-9bbc-50f614cd29fd,pat28,med28,2025-06-18T08:00:00Z,2025-06-18T08:18:00Z,taken,null,2025-06-18T08:46:00Z,Headache,4,Persistent pain
ad3245d7-4f68-4032-a356-269184510bfc,pat28,med28,2025-06-19T08:00:00Z,2025-06-19T08:18:00Z,taken,null,2025-06-19T08:30:00Z,,,
cfc69228-b380-48fc-a612-8e361b1f0659,pat28,med28,2025-06-20T08:00:00Z,2025-06-20T08:17:00Z,taken,null,2025-06-20T08:24:00Z,Headache,4,Persistent pain
5c4aeb11-4370-4b64-a736-f27edff04e00,pat28,med28,2025-06-21T08:00:00Z,2025-06-21T08:05:00Z,taken,null,2025-06-21T08:13:00Z,,,
6221ccde-6668-449c-aaef-33e0fcc08d34,pat28,med28,2025-06-22T08:00:00Z,2025-06-22T08:41:00Z,taken,null,2025-06-22T09:04:00Z,Dizziness,3,Lightheadedness when standing
1f224223-8f94-4e10-a124-2778fb274893,pat28,med28,2025-06-23T08:00:00Z,2025-06-23T08:22:00Z,taken,null,2025-06-23T08:48:00Z,Fatigue,2,Tiredness throughout the day
f4851548-86f7-432e-86bf-7d1ff28ccbee,pat28,med28,2025-06-24T08:00:00Z,2025-06-24T08:06:00Z,taken,null,2025-06-24T08:22:00Z,,,
e11a7523-717d-449d-8ad6-d94ba3c2e3cc,pat28,med28,2025-06-25T08:00:00Z,null,missed,Was traveling,2025-06-25T08:53:00Z,,,
a2692364-a4d0-46d3-acfd-8118a84efe8e,pat28,med28,2025-06-26T08:00:00Z,2025-06-26T08:49:00Z,taken,null,2025-06-26T08:56:00Z,Fatigue,2,Tiredness throughout the day
5099d789-63a7-4d76-95b8-02b96353fa6a,pat28,med28,2025-06-27T08:00:00Z,null,missed,Out of medication,2025-06-27T08:57:00Z,,,
a5e9a7dc-8513-49ee-bfe7-25d8f78254c8,pat28,med28,2025-06-28T08:00:00Z,null,missed,Felt unwell,2025-06-28T08:44:00Z,,,
aaa77b74-be5b-4357-92fd-28fd4e535174,pat28,med28,2025-06-29T08:00:00Z,2025-06-29T08:23:00Z,taken,null,2025-06-29T08:36:00Z,,,
8ad4b2fc-b532-4d84-adf1-f5751ef90c4d,pat28,med28,2025-06-30T08:00:00Z,2025-06-30T08:53:00Z,taken,null,2025-06-30T09:14:00Z,,,
6bc9bf5c-ec08-45c4-920b-9e0356bbf053,pat29,med29,2025-06-01T08:00:00Z,2025-06-01T08:26:00Z,taken,null,2025-06-01T08:52:00Z,,,
daf3463d-bda7-412c-9df9-9725dd520a30,pat29,med29,2025-06-02T08:00:00Z,null,missed,Felt unwell,2025-06-02T08:18:00Z,,,
5c3e13ad-b57f-464f-b04f-cf1235560b4e,pat29,med29,2025-06-03T08:00:00Z,2025-06-03T08:26:00Z,taken,null,2025-06-03T08:35:00Z,,,
5e5cfbae-5236-47b9-a721-8b764cffb510,pat29,med29,2025-06-04T08:00:00Z,null,missed,Out of medication,2025-06-04T08:17:00Z,,,
081ecc1a-99b4-43eb-a26c-db580911d26c,pat29,med29,2025-06-06T08:00:00Z,2025-06-06T08:38:00Z,taken,null,2025-06-06T09:04:00Z,,,
78a4db94-902b-4156-942f-67c3de67ac84,pat29,med29,2025-06-06T08:00:00Z,2025-06-06T08:12:00Z,taken,null,2025-06-06T08:31:00Z,Nausea,2,Mild stomach discomfort
dadb1a7d-513e-436d-8552-cf97f96aa554,pat29,med29,2025-06-07T08:00:00Z,null,missed,Felt unwell,2025-06-07T08:48:00Z,,,
d5783064-eea9-405b-b557-64ad474dd3b7,pat29,med29,2025-06-08T08:00:00Z,2025-06-08T08:04:00Z,taken,null,2025-06-08T08:23:00Z,Headache,4,Persistent pain
2a8c5d6f-f987-42df-a0df-43d893e5529d,pat29,med29,2025-06-09T08:00:00Z,null,missed,Felt unwell,2025-06-09T08:52:00Z,,,
a2b027f4-3010-4251-aacb-6181e5b0fdc0,pat29,med29,2025-06-10T08:00:00Z,2025-06-10T08:49:00Z,taken,null,2025-06-10T09:12:00Z,Nausea,2,Mild stomach discomfort
887a151b-1f52-4691-9fca-89ce65c041d5,pat29,med29,2025-06-11T08:00:00Z,2025-06-11T08:19:00Z,taken,null,2025-06-11T08:45:00Z,,,
de201750-d209-416a-8a2d-c9cf7736ea05,pat29,med29,2025-06-12T08:00:00Z,2025-06-12T08:34:00Z,taken,null,2025-06-12T09:00:00Z,Nausea,2,Mild stomach discomfort
2990af5a-ea69-497c-b0ee-d16272b3b2f4,pat29,med29,2025-06-13T08:00:00Z,2025-06-13T08:30:00Z,taken,null,2025-06-13T08:39:00Z,,,
14a75a30-bcdd-43b7-b518-cd41e0880ab9,pat29,med29,2025-06-14T08:00:00Z,2025-06-14T08:55:00Z,taken,null,2025-06-14T09:25:00Z,Dizziness,3,Lightheadedness when standing
33b0e5b0-a0f3-45e9-bef4-68683cabfed6,pat29,med29,2025-06-15T08:00:00Z,null,missed,Was traveling,2025-06-15T08:17:00Z,,,
49ba5a8c-f418-4b96-85af-1f637567c93d,pat29,med29,2025-06-16T08:00:00Z,2025-06-16T08:24:00Z,taken,null,2025-06-16T08:46:00Z,,,
32022e4e-928c-46e6-a470-782bbb87cb06,pat29,med29,2025-06-17T08:00:00Z,2025-06-17T08:40:00Z,taken,null,2025-06-17T08:55:00Z,,,
68eb3ae2-fb05-45b0-8be0-ee496a76b2af,pat29,med29,2025-06-18T08:00:00Z,2025-06-18T08:56:00Z,taken,null,2025-06-18T09:08:00Z,,,
63a38b3b-4703-453b-9ead-cb7660c5b92c,pat29,med29,2025-06-19T08:00:00Z,2025-06-19T08:17:00Z,taken,null,2025-06-19T08:46:00Z,,,
bd5d9662-b9af-4d90-854e-06140352441c,pat29,med29,2025-06-20T08:00:00Z,2025-06-20T08:40:00Z,taken,null,2025-06-20T09:04:00Z,,,
e21d5f29-a09a-4faa-bd61-9c7d976dc637,pat29,med29,2025-06-21T08:00:00Z,2025-06-21T08:08:00Z,taken,null,2025-06-21T08:24:00Z,Nausea,2,Mild stomach discomfort
d4a8de11-e1b6-4a49-944b-a0f0155f2d19,pat29,med29,2025-06-22T08:00:00Z,null,missed,Out of medication,2025-06-22T08:32:00Z,,,
7acac4c6-a900-40a8-b5e0-472ef0a8673a,pat29,med29,2025-06-23T08:00:00Z,2025-06-23T08:25:00Z,taken,null,2025-06-23T08:31:00Z,,,
be3707bb-82e0-470f-86ba-a98895817152,pat29,med29,2025-06-24T08:00:00Z,2025-06-24T08:42:00Z,taken,null,2025-06-24T09:03:00Z,,,
636cfbc9-6826-437f-b3e7-aee892fd1000,pat29,med29,2025-06-25T08:00:00Z,null,missed,Felt unwell,2025-06-25T08:52:00Z,,,
c5457ab1-7cd5-4503-b29c-c72874c4d256,pat29,med29,2025-06-26T08:00:00Z,2025-06-26T08:03:00Z,taken,null,2025-06-26T08:26:00Z,,,
2e3a36ce-aecb-41b0-ba3e-1566e50fd583,pat29,med29,2025-06-27T08:00:00Z,2025-06-27T08:16:00Z,taken,null,2025-06-27T08:41:00Z,,,
78c12df3-d948-41f1-a977-406811e83a1c,pat29,med29,2025-06-28T08:00:00Z,2025-06-28T08:26:00Z,taken,null,2025-06-28T08:33:00Z,,,
a0ff215f-ba63-421a-bef2-f4a434536145,pat29,med29,2025-06-29T08:00:00Z,2025-06-29T08:55:00Z,taken,null,2025-06-29T09:01:00Z,,,
efde33db-49a3-4dd5-b486-d2dad1a1ef51,pat29,med29,2025-06-30T08:00:00Z,null,missed,Forgot to take,2025-06-30T08:43:00Z,,,
c5bd376d-6af7-4444-a7a3-7d0aca78de71,pat30,med30,2025-06-01T08:00:00Z,2025-06-01T08:13:00Z,taken,null,2025-06-01T08:20:00Z,,,
3d7b9908-c4b4-4932-a4eb-2b85e065ef18,pat30,med30,2025-06-02T08:00:00Z,2025-06-02T08:02:00Z,taken,null,2025-06-02T08:07:00Z,Dizziness,3,Lightheadedness when standing
ff669e9a-2d16-4a9b-bb01-f1d7b793f273,pat30,med30,2025-06-03T08:00:00Z,2025-06-03T08:46:00Z,taken,null,2025-06-03T08:56:00Z,Fatigue,2,Tiredness throughout the day
6a3ddbe1-0db9-4160-9874-1fd4a62c2512,pat30,med30,2025-06-04T08:00:00Z,null,missed,Felt unwell,2025-06-04T08:35:00Z,,,
1b7bda07-3560-41e9-8576-ae7706f90c8e,pat30,med30,2025-06-06T08:00:00Z,2025-06-06T08:06:00Z,taken,null,2025-06-06T08:24:00Z,,,
32e70c29-78fc-4f08-9714-952d76734b78,pat30,med30,2025-06-06T08:00:00Z,2025-06-06T08:59:00Z,taken,null,2025-06-06T09:24:00Z,,,
baaeea8f-06b0-4f89-b939-afeb0b3ee575,pat30,med30,2025-06-07T08:00:00Z,2025-06-07T08:08:00Z,taken,null,2025-06-07T08:38:00Z,,,
1c8d6cda-ecfb-4e27-8e78-5f8b96934706,pat30,med30,2025-06-08T08:00:00Z,2025-06-08T08:18:00Z,taken,null,2025-06-08T08:45:00Z,Dizziness,3,Lightheadedness when standing
dc496e1c-50ab-4923-abdd-3fb7fa690fcd,pat30,med30,2025-06-09T08:00:00Z,2025-06-09T08:18:00Z,taken,null,2025-06-09T08:30:00Z,,,
cd5c4013-5ffa-453d-91aa-f80cbdd0e1c8,pat30,med30,2025-06-10T08:00:00Z,null,missed,Felt unwell,2025-06-10T08:52:00Z,,,
fad6a675-4607-4080-9e7b-15b8328ac613,pat30,med30,2025-06-11T08:00:00Z,2025-06-11T08:02:00Z,taken,null,2025-06-11T08:17:00Z,,,
60abdf26-76a3-4b53-b450-aecfb7b96a86,pat30,med30,2025-06-12T08:00:00Z,2025-06-12T08:57:00Z,taken,null,2025-06-12T09:02:00Z,,,
9ed7c047-7dab-4c4e-8020-d94b132c76de,pat30,med30,2025-06-13T08:00:00Z,2025-06-13T08:34:00Z,taken,null,2025-06-13T08:44:00Z,Dizziness,3,Lightheadedness when standing
247ceace-fa23-473b-82cb-1695a078876b,pat30,med30,2025-06-14T08:00:00Z,2025-06-14T08:04:00Z,taken,null,2025-06-14T08:11:00Z,Dizziness,3,Lightheadedness when standing
8ad6aade-62cc-4dd6-8581-fee9295c5302,pat30,med30,2025-06-15T08:00:00Z,null,missed,Forgot to take,2025-06-15T08:48:00Z,,,
beab3e9e-938f-4fae-9b08-3c8f6d31a1d1,pat30,med30,2025-06-16T08:00:00Z,2025-06-16T08:06:00Z,taken,null,2025-06-16T08:28:00Z,,,
924edf8c-41f5-41d2-af79-01d489804891,pat30,med30,2025-06-17T08:00:00Z,2025-06-17T08:34:00Z,taken,null,2025-06-17T08:47:00Z,,,
704dba4e-686f-4443-bb66-ef7fbd244e14,pat30,med30,2025-06-18T08:00:00Z,2025-06-18T08:02:00Z,taken,null,2025-06-18T08:18:00Z,Fatigue,2,Tiredness throughout the day
bd608777-1e3b-43c3-b0d5-505d41d4f264,pat30,med30,2025-06-19T08:00:00Z,2025-06-19T08:16:00Z,taken,null,2025-06-19T08:22:00Z,Headache,4,Persistent pain
696cad7d-4857-47c6-9317-8dd58d1bffa4,pat30,med30,2025-06-20T08:00:00Z,2025-06-20T08:29:00Z,taken,null,2025-06-20T08:59:00Z,Fatigue,2,Tiredness throughout the day
d2193be2-9e88-480b-98d0-1498b4090e23,pat30,med30,2025-06-21T08:00:00Z,2025-06-21T08:54:00Z,taken,null,2025-06-21T09:22:00Z,,,
c65e9e69-a238-45f5-8922-375cbc83fd8c,pat30,med30,2025-06-22T08:00:00Z,2025-06-22T08:05:00Z,taken,null,2025-06-22T08:13:00Z,,,
d2d6b4b1-3fa2-4e65-a83b-59ddd2a5e022,pat30,med30,2025-06-23T08:00:00Z,2025-06-23T08:06:00Z,taken,null,2025-06-23T08:23:00Z,Dizziness,3,Lightheadedness when standing
9612c213-12d4-4b4f-a1bc-47144de88c4c,pat30,med30,2025-06-24T08:00:00Z,2025-06-24T08:06:00Z,taken,null,2025-06-24T08:32:00Z,,,
406530cc-726b-4892-9eaf-f65786f650e8,pat30,med30,2025-06-25T08:00:00Z,2025-06-25T08:49:00Z,taken,null,2025-06-25T09:10:00Z,Nausea,2,Mild stomach discomfort
d1f40dae-ff18-467e-8e6e-cdd9fe6772a3,pat30,med30,2025-06-26T08:00:00Z,2025-06-26T08:15:00Z,taken,null,2025-06-26T08:44:00Z,Dizziness,3,Lightheadedness when standing
99a29194-3ae4-4254-a03b-0c84ff98488c,pat30,med30,2025-06-27T08:00:00Z,null,missed,Felt unwell,2025-06-27T08:29:00Z,,,
183ecb30-ea2f-4bec-ad68-e13e94e9c277,pat30,med30,2025-06-28T08:00:00Z,2025-06-28T08:18:00Z,taken,null,2025-06-28T08:24:00Z,Nausea,2,Mild stomach discomfort
25cc2753-9d05-4f10-ab9a-eaeea0d3b5fc,pat30,med30,2025-06-29T08:00:00Z,2025-06-29T08:38:00Z,taken,null,2025-06-29T08:55:00Z,Headache,4,Persistent pain
eaf459be-a8e7-4611-95bf-4be865febbbf,pat30,med30,2025-06-30T08:00:00Z,2025-06-30T08:53:00Z,taken,null,2025-06-30T09:06:00Z,,,
681e6f97-5209-41fd-94b3-8a74fe53632c,pat31,med31,2025-06-01T08:00:00Z,2025-06-01T08:33:00Z,taken,null,2025-06-01T08:51:00Z,,,
584930c2-a3fb-440c-9e1b-800dfc05c637,pat31,med31,2025-06-02T08:00:00Z,2025-06-02T08:14:00Z,taken,null,2025-06-02T08:21:00Z,Nausea,2,Mild stomach discomfort
fcdcfb7b-4750-4ecf-9acf-add038a084fd,pat31,med31,2025-06-03T08:00:00Z,2025-06-03T08:06:00Z,taken,null,2025-06-03T08:32:00Z,,,
7cf5d2b1-821c-4e0a-8902-d03938ab7159,pat31,med31,2025-06-04T08:00:00Z,2025-06-04T08:20:00Z,taken,null,2025-06-04T08:40:00Z,,,
f23e2c40-5b13-4abd-8228-dc2073c0d4cc,pat31,med31,2025-06-06T08:00:00Z,2025-06-06T08:00:00Z,taken,null,2025-06-06T08:30:00Z,,,
6efba929-1af8-4935-8351-5073000ce18c,pat31,med31,2025-06-06T08:00:00Z,2025-06-06T08:19:00Z,taken,null,2025-06-06T08:47:00Z,Nausea,2,Mild stomach discomfort
9b49c616-26a3-4a40-bfc1-87d4e75e407c,pat31,med31,2025-06-07T08:00:00Z,2025-06-07T08:36:00Z,taken,null,2025-06-07T08:51:00Z,Nausea,2,Mild stomach discomfort
6cc088be-11bd-462f-865f-0d77f4ff475f,pat31,med31,2025-06-08T08:00:00Z,2025-06-08T08:03:00Z,taken,null,2025-06-08T08:33:00Z,Fatigue,2,Tiredness throughout the day
0dab674b-dd9d-4acf-bd89-845c28e241a0,pat31,med31,2025-06-09T08:00:00Z,2025-06-09T08:06:00Z,taken,null,2025-06-09T08:16:00Z,Nausea,2,Mild stomach discomfort
f1a3f52a-f6d4-4e24-bd93-864e286d7be2,pat31,med31,2025-06-10T08:00:00Z,2025-06-10T08:43:00Z,taken,null,2025-06-10T09:04:00Z,,,
e631303f-7d29-4a91-9336-94a8b0d86420,pat31,med31,2025-06-11T08:00:00Z,2025-06-11T08:15:00Z,taken,null,2025-06-11T08:34:00Z,,,
76f5d784-7b8d-439c-ad19-812542e21d77,pat31,med31,2025-06-12T08:00:00Z,2025-06-12T08:02:00Z,taken,null,2025-06-12T08:29:00Z,,,
6b149047-cc53-4c48-95ed-01adff9ee275,pat31,med31,2025-06-13T08:00:00Z,2025-06-13T08:17:00Z,taken,null,2025-06-13T08:45:00Z,,,
8c986560-b543-489d-ad92-20f3aa84e2db,pat31,med31,2025-06-14T08:00:00Z,2025-06-14T08:57:00Z,taken,null,2025-06-14T09:13:00Z,,,
944f748e-505e-4318-b19a-b04fc167dd52,pat31,med31,2025-06-15T08:00:00Z,2025-06-15T08:08:00Z,taken,null,2025-06-15T08:26:00Z,Fatigue,2,Tiredness throughout the day
733ef48a-29e5-4aa5-9b58-4d9c853af6b0,pat31,med31,2025-06-16T08:00:00Z,2025-06-16T08:40:00Z,taken,null,2025-06-16T08:54:00Z,,,
3084bd8f-0745-4703-bf8d-d25e8a158891,pat31,med31,2025-06-17T08:00:00Z,null,missed,Forgot to take,2025-06-17T08:36:00Z,,,
f788dad6-413a-4a2f-b38d-f0c5ad9a2300,pat31,med31,2025-06-18T08:00:00Z,2025-06-18T08:53:00Z,taken,null,2025-06-18T09:12:00Z,Nausea,2,Mild stomach discomfort
fe068008-4bf0-4bff-96ac-c72e2e0abfd7,pat31,med31,2025-06-19T08:00:00Z,2025-06-19T08:21:00Z,taken,null,2025-06-19T08:38:00Z,,,
8c0650b4-1816-4eaf-9fcc-d1c70ed44b57,pat31,med31,2025-06-20T08:00:00Z,2025-06-20T08:12:00Z,taken,null,2025-06-20T08:38:00Z,Dizziness,3,Lightheadedness when standing
19069aa9-5b56-413a-9194-d4a02cf77e84,pat31,med31,2025-06-21T08:00:00Z,2025-06-21T08:18:00Z,taken,null,2025-06-21T08:48:00Z,,,
8719289d-929a-427a-8640-12692137ee8d,pat31,med31,2025-06-22T08:00:00Z,2025-06-22T08:16:00Z,taken,null,2025-06-22T08:34:00Z,,,
588bbb73-08d6-4f2c-8f80-1d7b41576732,pat31,med31,2025-06-23T08:00:00Z,null,missed,Out of medication,2025-06-23T08:53:00Z,,,
b9410c10-62bd-4cdb-81bd-da625074c083,pat31,med31,2025-06-24T08:00:00Z,2025-06-24T08:31:00Z,taken,null,2025-06-24T08:36:00Z,,,
7b75010f-77d7-4344-aba4-69b58cd3e8f1,pat31,med31,2025-06-25T08:00:00Z,2025-06-25T08:34:00Z,taken,null,2025-06-25T09:04:00Z,,,
3b2513e7-b86f-4479-a92b-ada03baca17d,pat31,med31,2025-06-26T08:00:00Z,2025-06-26T08:44:00Z,taken,null,2025-06-26T09:10:00Z,,,
8e99be8f-5f23-448f-a061-2664db94c0e3,pat31,med31,2025-06-27T08:00:00Z,2025-06-27T08:31:00Z,taken,null,2025-06-27T08:38:00Z,Fatigue,2,Tiredness throughout the day
03e8db06-bdd2-4d2a-ae8a-18ed173c7d73,pat31,med31,2025-06-28T08:00:00Z,2025-06-28T08:16:00Z,taken,null,2025-06-28T08:36:00Z,,,
a8c16800-525b-4d92-8347-6b68a2e2d93f,pat31,med31,2025-06-29T08:00:00Z,2025-06-29T08:43:00Z,taken,null,2025-06-29T08:51:00Z,,,
c93eef16-af31-4eb6-8ba4-0c8ea66fe649,pat31,med31,2025-06-30T08:00:00Z,2025-06-30T08:09:00Z,taken,null,2025-06-30T08:15:00Z,,,
3e453d15-ec1c-41dd-8065-a5bb16fa0a32,pat32,med32,2025-06-01T08:00:00Z,2025-06-01T08:25:00Z,taken,null,2025-06-01T08:44:00Z,,,
43645a49-5417-4452-b591-d990f9c00d67,pat32,med32,2025-06-02T08:00:00Z,null,missed,Was traveling,2025-06-02T08:26:00Z,,,
c80aae8f-6cc4-42be-b199-3714d0214a05,pat32,med32,2025-06-03T08:00:00Z,2025-06-03T08:28:00Z,taken,null,2025-06-03T08:52:00Z,,,
ea9ea217-63e2-436f-b25c-d3a6cd92e3bc,pat32,med32,2025-06-04T08:00:00Z,2025-06-04T08:12:00Z,taken,null,2025-06-04T08:36:00Z,Headache,4,Persistent pain
9e947447-aa98-4864-a266-9a047a7c406d,pat32,med32,2025-06-06T08:00:00Z,2025-06-06T08:18:00Z,taken,null,2025-06-06T08:24:00Z,,,
f4932634-e1ef-4dac-a9dd-d285e1258793,pat32,med32,2025-06-06T08:00:00Z,2025-06-06T08:35:00Z,taken,null,2025-06-06T08:52:00Z,Nausea,2,Mild stomach discomfort
05746a2a-5cce-483d-8323-7d254ae4844a,pat32,med32,2025-06-07T08:00:00Z,2025-06-07T08:33:00Z,taken,null,2025-06-07T09:03:00Z,,,
660a392f-af00-4a95-afea-8bcecda94107,pat32,med32,2025-06-08T08:00:00Z,2025-06-08T08:54:00Z,taken,null,2025-06-08T09:08:00Z,Fatigue,2,Tiredness throughout the day
47cab143-437f-4cab-8160-56a8dae436a8,pat32,med32,2025-06-09T08:00:00Z,2025-06-09T08:30:00Z,taken,null,2025-06-09T08:46:00Z,,,
6933d735-6681-44ce-99ec-639e9162f3c2,pat32,med32,2025-06-10T08:00:00Z,2025-06-10T08:59:00Z,taken,null,2025-06-10T09:21:00Z,Nausea,2,Mild stomach discomfort
26847936-9579-46c3-bb8e-24493e8690a9,pat32,med32,2025-06-11T08:00:00Z,null,missed,Forgot to take,2025-06-11T08:19:00Z,,,
795a8aa2-ff1f-4b86-b733-01b25893e2ce,pat32,med32,2025-06-12T08:00:00Z,2025-06-12T08:53:00Z,taken,null,2025-06-12T09:16:00Z,,,
9e5beda4-20d9-43ce-acc6-4e8280aceaa8,pat32,med32,2025-06-13T08:00:00Z,null,missed,Forgot to take,2025-06-13T09:00:00Z,,,
4d9f2fa4-4163-4d47-bc60-72701a93f497,pat32,med32,2025-06-14T08:00:00Z,2025-06-14T08:44:00Z,taken,null,2025-06-14T08:53:00Z,,,
cec91366-7e02-41b9-a47f-0b8757b2d38e,pat32,med32,2025-06-15T08:00:00Z,2025-06-15T08:50:00Z,taken,null,2025-06-15T09:05:00Z,Fatigue,2,Tiredness throughout the day
f84a71e2-630a-4fa6-9925-bc6f1e5ada6e,pat32,med32,2025-06-16T08:00:00Z,2025-06-16T08:27:00Z,taken,null,2025-06-16T08:49:00Z,Nausea,2,Mild stomach discomfort
c1a6268b-d379-4e75-86ac-f64fd22b346a,pat32,med32,2025-06-17T08:00:00Z,null,missed,Felt unwell,2025-06-17T08:46:00Z,,,
07be4949-99f8-476d-ace8-0935c1351b7d,pat32,med32,2025-06-18T08:00:00Z,null,missed,Was traveling,2025-06-18T08:51:00Z,,,
4c3d6c6e-b046-43e6-bf5c-12dba513abe6,pat32,med32,2025-06-19T08:00:00Z,2025-06-19T08:45:00Z,taken,null,2025-06-19T09:06:00Z,Headache,4,Persistent pain
7380612f-54f9-4d03-9708-be0876f600c2,pat32,med32,2025-06-20T08:00:00Z,2025-06-20T08:54:00Z,taken,null,2025-06-20T09:10:00Z,,,
24afbb06-354f-4657-8309-753bc8e3e160,pat32,med32,2025-06-21T08:00:00Z,2025-06-21T08:39:00Z,taken,null,2025-06-21T08:56:00Z,Dizziness,3,Lightheadedness when standing
1704be29-51a2-4f02-8fff-e75b4f4f6002,pat32,med32,2025-06-22T08:00:00Z,2025-06-22T08:58:00Z,taken,null,2025-06-22T09:26:00Z,,,
275cc02f-ece5-4c52-a5e2-f270172c3cd6,pat32,med32,2025-06-23T08:00:00Z,2025-06-23T08:25:00Z,taken,null,2025-06-23T08:52:00Z,Nausea,2,Mild stomach discomfort
7bf571f0-0f8d-4f82-9307-f2d641503387,pat32,med32,2025-06-24T08:00:00Z,2025-06-24T08:05:00Z,taken,null,2025-06-24T08:10:00Z,Fatigue,2,Tiredness throughout the day
68ccfb4c-a406-4266-855a-0b7b418a71be,pat32,med32,2025-06-25T08:00:00Z,2025-06-25T08:21:00Z,taken,null,2025-06-25T08:44:00Z,,,
5de1e57a-491c-453e-ab07-878d00760e22,pat32,med32,2025-06-26T08:00:00Z,2025-06-26T08:40:00Z,taken,null,2025-06-26T08:45:00Z,Fatigue,2,Tiredness throughout the day
88ed5eea-1270-4986-86ab-0e601cb3da63,pat32,med32,2025-06-27T08:00:00Z,2025-06-27T08:38:00Z,taken,null,2025-06-27T09:08:00Z,Fatigue,2,Tiredness throughout the day
65c4fec8-03e8-4f1d-af1d-737c734212fb,pat32,med32,2025-06-28T08:00:00Z,2025-06-28T08:24:00Z,taken,null,2025-06-28T08:54:00Z,Headache,4,Persistent pain
c2fbbfad-7460-4c9d-8aad-2ed9559cfd55,pat32,med32,2025-06-29T08:00:00Z,2025-06-29T08:53:00Z,taken,null,2025-06-29T09:16:00Z,,,
313da4c3-20b6-4739-b6e4-883d07a53cd0,pat32,med32,2025-06-30T08:00:00Z,2025-06-30T08:29:00Z,taken,null,2025-06-30T08:45:00Z,Dizziness,3,Lightheadedness when standing
6506683a-904f-41fb-846a-e0d066bc47cf,pat33,med33,2025-06-01T08:00:00Z,2025-06-01T08:41:00Z,taken,null,2025-06-01T08:47:00Z,Fatigue,2,Tiredness throughout the day
4d29f09e-55b9-4331-9251-d994a73fa678,pat33,med33,2025-06-02T08:00:00Z,2025-06-02T08:50:00Z,taken,null,2025-06-02T09:16:00Z,,,
154773ee-a7d2-4dba-8464-b4725ba6a6ff,pat33,med33,2025-06-03T08:00:00Z,2025-06-03T08:06:00Z,taken,null,2025-06-03T08:20:00Z,Nausea,2,Mild stomach discomfort
f86b03e4-709f-4e78-9cee-9f88b44414b9,pat33,med33,2025-06-04T08:00:00Z,null,missed,Felt unwell,2025-06-04T08:42:00Z,,,
90fa8dd4-23e8-4b45-9977-e0209eac255e,pat33,med33,2025-06-06T08:00:00Z,2025-06-06T08:57:00Z,taken,null,2025-06-06T09:27:00Z,,,
7de4fa44-45a9-4696-a6fc-b08628b93f52,pat33,med33,2025-06-06T08:00:00Z,2025-06-06T08:17:00Z,taken,null,2025-06-06T08:31:00Z,,,
4c9e132e-2b84-4b19-a2ee-caa384aad0e1,pat33,med33,2025-06-07T08:00:00Z,2025-06-07T08:19:00Z,taken,null,2025-06-07T08:35:00Z,Dizziness,3,Lightheadedness when standing
0341d4e0-3533-45d4-8f36-dea6e7a984c5,pat33,med33,2025-06-08T08:00:00Z,null,missed,Felt unwell,2025-06-08T08:19:00Z,,,
95d2319d-562a-46e7-9fa8-31be6be4d4de,pat33,med33,2025-06-09T08:00:00Z,2025-06-09T08:32:00Z,taken,null,2025-06-09T08:44:00Z,,,
50f30ae0-b1c8-43dd-bfa4-24c42076886e,pat33,med33,2025-06-10T08:00:00Z,2025-06-10T08:07:00Z,taken,null,2025-06-10T08:25:00Z,,,
eed3bd6f-2208-4cb1-9647-e65bce277605,pat33,med33,2025-06-11T08:00:00Z,2025-06-11T08:11:00Z,taken,null,2025-06-11T08:28:00Z,Nausea,2,Mild stomach discomfort
90f856e3-7bd8-45b5-8d62-f53018f8c21e,pat33,med33,2025-06-12T08:00:00Z,2025-06-12T08:48:00Z,taken,null,2025-06-12T09:15:00Z,Nausea,2,Mild stomach discomfort
2bbb77d0-55a3-4729-bddf-f0a5af4006a1,pat33,med33,2025-06-13T08:00:00Z,2025-06-13T08:12:00Z,taken,null,2025-06-13T08:30:00Z,,,
e227c72b-a1ff-4d10-bca4-2582ccfb5df0,pat33,med33,2025-06-14T08:00:00Z,2025-06-14T08:30:00Z,taken,null,2025-06-14T08:59:00Z,,,
f4209eec-3d74-4ceb-9bac-3d37c6555345,pat33,med33,2025-06-15T08:00:00Z,null,missed,Forgot to take,2025-06-15T08:48:00Z,,,
ec9dc904-ac20-41e3-9ac5-3481d0e31759,pat33,med33,2025-06-16T08:00:00Z,2025-06-16T08:19:00Z,taken,null,2025-06-16T08:38:00Z,Nausea,2,Mild stomach discomfort
b4880349-715d-48bb-ae39-b5fc489b6aa5,pat33,med33,2025-06-17T08:00:00Z,null,missed,Forgot to take,2025-06-17T08:14:00Z,,,
f3d532e6-b791-44e7-8320-88b54d0efbb1,pat33,med33,2025-06-18T08:00:00Z,2025-06-18T08:45:00Z,taken,null,2025-06-18T09:04:00Z,Headache,4,Persistent pain
507e8324-9416-4863-af93-70c7c7881c00,pat33,med33,2025-06-19T08:00:00Z,2025-06-19T08:11:00Z,taken,null,2025-06-19T08:29:00Z,,,
b4501f7d-017a-4671-8fe0-c6525cfb4d88,pat33,med33,2025-06-20T08:00:00Z,2025-06-20T08:30:00Z,taken,null,2025-06-20T08:49:00Z,,,
e68ab1c0-4c48-4e3a-9199-5ba5fee05b27,pat33,med33,2025-06-21T08:00:00Z,2025-06-21T08:02:00Z,taken,null,2025-06-21T08:13:00Z,Dizziness,3,Lightheadedness when standing
32594c92-0aa3-4195-b6df-f74b6bf43694,pat33,med33,2025-06-22T08:00:00Z,2025-06-22T08:51:00Z,taken,null,2025-06-22T08:56:00Z,,,
f1a972ef-4afb-40ef-8ec3-54311381be19,pat33,med33,2025-06-23T08:00:00Z,null,missed,Forgot to take,2025-06-23T08:47:00Z,,,
4f918fef-d51b-4778-843e-c20d60b04ee6,pat33,med33,2025-06-24T08:00:00Z,null,missed,Was traveling,2025-06-24T08:57:00Z,,,
c4b3c4c3-b8c4-4b37-9d6e-9c0213cc9871,pat33,med33,2025-06-25T08:00:00Z,2025-06-25T08:23:00Z,taken,null,2025-06-25T08:45:00Z,Dizziness,3,Lightheadedness when standing
7e7709ce-9f8e-4dbe-bd52-cc18f5f4ae79,pat33,med33,2025-06-26T08:00:00Z,2025-06-26T08:47:00Z,taken,null,2025-06-26T08:55:00Z,,,
06e13757-d6fd-4228-8826-ff39fd115058,pat33,med33,2025-06-27T08:00:00Z,2025-06-27T08:22:00Z,taken,null,2025-06-27T08:47:00Z,,,
7f6aabdb-8ebc-465f-91ab-95e66691faf1,pat33,med33,2025-06-28T08:00:00Z,null,missed,Forgot to take,2025-06-28T08:16:00Z,,,
e3d33bc4-e85d-4ea8-bf39-45f81379790a,pat33,med33,2025-06-29T08:00:00Z,2025-06-29T08:37:00Z,taken,null,2025-06-29T08:48:00Z,,,
7db39766-27e9-4dbf-b7b7-cd4ac109bd7e,pat33,med33,2025-06-30T08:00:00Z,2025-06-30T08:56:00Z,taken,null,2025-06-30T09:11:00Z,Fatigue,2,Tiredness throughout the day
24d6b6d0-7704-4449-a735-a5d81805a811,pat34,med34,2025-06-01T08:00:00Z,2025-06-01T08:00:00Z,taken,null,2025-06-01T08:26:00Z,,,
62525be0-0175-4ca4-a24a-06eb224f4c01,pat34,med34,2025-06-02T08:00:00Z,2025-06-02T08:58:00Z,taken,null,2025-06-02T09:28:00Z,,,
6ddca2a8-5bec-4746-a538-701c9b7de3f9,pat34,med34,2025-06-03T08:00:00Z,2025-06-03T08:35:00Z,taken,null,2025-06-03T08:49:00Z,,,
e009735d-60e1-4cff-98ec-76b46dbc2131,pat34,med34,2025-06-04T08:00:00Z,2025-06-04T08:55:00Z,taken,null,2025-06-04T09:02:00Z,,,
b776745d-4278-451b-a939-75775ebaf852,pat34,med34,2025-06-06T08:00:00Z,2025-06-06T08:08:00Z,taken,null,2025-06-06T08:25:00Z,,,
22edc158-5373-467b-8128-45b235431b92,pat34,med34,2025-06-06T08:00:00Z,2025-06-06T08:25:00Z,taken,null,2025-06-06T08:47:00Z,Fatigue,2,Tiredness throughout the day
77aaebc2-2836-4635-8592-e08155036826,pat34,med34,2025-06-07T08:00:00Z,2025-06-07T08:24:00Z,taken,null,2025-06-07T08:39:00Z,Headache,4,Persistent pain
23768df4-aaf2-4af1-a883-2ee4037c75ab,pat34,med34,2025-06-08T08:00:00Z,2025-06-08T08:31:00Z,taken,null,2025-06-08T08:44:00Z,,,
90e0bf31-2188-434f-8276-3405716fbce3,pat34,med34,2025-06-09T08:00:00Z,2025-06-09T08:33:00Z,taken,null,2025-06-09T08:55:00Z,Fatigue,2,Tiredness throughout the day
9cb1ec48-12b9-4746-b2a9-64a4bc364106,pat34,med34,2025-06-10T08:00:00Z,2025-06-10T08:32:00Z,taken,null,2025-06-10T08:52:00Z,Fatigue,2,Tiredness throughout the day
0538a051-c049-4897-9065-23d0e9bb2d64,pat34,med34,2025-06-11T08:00:00Z,null,missed,Felt unwell,2025-06-11T08:11:00Z,,,
2dccf29a-d0f9-4e97-b1d9-57217b4462bf,pat34,med34,2025-06-12T08:00:00Z,2025-06-12T08:28:00Z,taken,null,2025-06-12T08:45:00Z,Nausea,2,Mild stomach discomfort
965a9db7-543e-4fff-a0c8-c61f33b6d4c6,pat34,med34,2025-06-13T08:00:00Z,2025-06-13T08:40:00Z,taken,null,2025-06-13T08:47:00Z,,,
5eec7d9b-15c6-4487-8ae4-e915bd10a55b,pat34,med34,2025-06-14T08:00:00Z,2025-06-14T08:15:00Z,taken,null,2025-06-14T08:30:00Z,,,
d7d73614-4ec8-4d32-b0d7-7a61043b7974,pat34,med34,2025-06-15T08:00:00Z,2025-06-15T08:08:00Z,taken,null,2025-06-15T08:20:00Z,Dizziness,3,Lightheadedness when standing
a19043ba-4de6-4813-8b21-0cfb775a1e94,pat34,med34,2025-06-16T08:00:00Z,2025-06-16T08:50:00Z,taken,null,2025-06-16T09:18:00Z,Nausea,2,Mild stomach discomfort
13abc9dd-8daa-47ef-a5fa-58158f24e152,pat34,med34,2025-06-17T08:00:00Z,2025-06-17T08:47:00Z,taken,null,2025-06-17T09:13:00Z,,,
a9386f64-9e9a-4f56-844b-5f17560215dc,pat34,med34,2025-06-18T08:00:00Z,2025-06-18T08:45:00Z,taken,null,2025-06-18T08:58:00Z,Fatigue,2,Tiredness throughout the day
213cbe40-08ef-4e45-aefb-f12c7e216a88,pat34,med34,2025-06-19T08:00:00Z,2025-06-19T08:59:00Z,taken,null,2025-06-19T09:16:00Z,,,
739b25b6-0ea8-48f8-a128-80fd14427514,pat34,med34,2025-06-20T08:00:00Z,2025-06-20T08:38:00Z,taken,null,2025-06-20T09:00:00Z,,,
5d650b18-479f-4a1b-9e99-96bdc82e75d8,pat34,med34,2025-06-21T08:00:00Z,2025-06-21T09:00:00Z,taken,null,2025-06-21T09:11:00Z,Dizziness,3,Lightheadedness when standing
99c277b9-8e55-4002-aac7-dcef666219c1,pat34,med34,2025-06-22T08:00:00Z,2025-06-22T08:55:00Z,taken,null,2025-06-22T09:03:00Z,,,
12b55ad4-3bec-43d3-9e75-ecc297b751f8,pat34,med34,2025-06-23T08:00:00Z,null,missed,Out of medication,2025-06-23T08:57:00Z,,,
abbef62f-dc01-489f-a6f8-1f4afad01c27,pat34,med34,2025-06-24T08:00:00Z,2025-06-24T08:00:00Z,taken,null,2025-06-24T08:28:00Z,,,
1ad861a8-d243-41d2-bbcd-3d4a96434f30,pat34,med34,2025-06-25T08:00:00Z,2025-06-25T08:05:00Z,taken,null,2025-06-25T08:22:00Z,Fatigue,2,Tiredness throughout the day
98a7aa0a-7e21-47dd-8134-08d2470882fa,pat34,med34,2025-06-26T08:00:00Z,2025-06-26T08:23:00Z,taken,null,2025-06-26T08:51:00Z,,,
d5f977dd-a29f-4f7e-afc0-f704a81276c6,pat34,med34,2025-06-27T08:00:00Z,2025-06-27T08:17:00Z,taken,null,2025-06-27T08:33:00Z,,,
2f58133e-c5f4-4d8a-981f-17ead1364e33,pat34,med34,2025-06-28T08:00:00Z,2025-06-28T08:20:00Z,taken,null,2025-06-28T08:25:00Z,,,
98024b90-0f2d-420f-8e1d-cb01d870967b,pat34,med34,2025-06-29T08:00:00Z,2025-06-29T08:48:00Z,taken,null,2025-06-29T09:17:00Z,Headache,4,Persistent pain
4dbee6ac-8110-4882-88ff-bdf1705b8772,pat34,med34,2025-06-30T08:00:00Z,2025-06-30T08:00:00Z,taken,null,2025-06-30T08:06:00Z,Dizziness,3,Lightheadedness when standing
99e722d8-e41d-4044-9ca2-fb10fd56873b,pat35,med35,2025-06-01T08:00:00Z,2025-06-01T08:38:00Z,taken,null,2025-06-01T08:55:00Z,Fatigue,2,Tiredness throughout the day
025f2d0b-e7c2-4116-9be4-7b5e2f97b227,pat35,med35,2025-06-02T08:00:00Z,2025-06-02T08:09:00Z,taken,null,2025-06-02T08:24:00Z,Fatigue,2,Tiredness throughout the day
7fd27a0a-3b68-4da0-903e-1ae17be38d6d,pat35,med35,2025-06-03T08:00:00Z,2025-06-03T08:34:00Z,taken,null,2025-06-03T09:03:00Z,,,
a74722d6-dd2d-494e-840a-8b2b0f3bb9eb,pat35,med35,2025-06-04T08:00:00Z,null,missed,Felt unwell,2025-06-04T08:11:00Z,,,
d7fab315-3ad4-4c37-a5a6-fa2603071dec,pat35,med35,2025-06-06T08:00:00Z,2025-06-06T08:22:00Z,taken,null,2025-06-06T08:33:00Z,Fatigue,2,Tiredness throughout the day
e5fd57c9-eb67-4c96-a7de-2b511dcfefbe,pat35,med35,2025-06-06T08:00:00Z,2025-06-06T08:35:00Z,taken,null,2025-06-06T08:58:00Z,,,
243084d8-3bee-4d0b-b207-2d308561d1a7,pat35,med35,2025-06-07T08:00:00Z,2025-06-07T08:27:00Z,taken,null,2025-06-07T08:55:00Z,,,
46081ec2-166f-4d1c-a190-8a10a441e83f,pat35,med35,2025-06-08T08:00:00Z,null,missed,Forgot to take,2025-06-08T08:47:00Z,,,
6b01819a-c9fc-44a0-8931-9e49904f805c,pat35,med35,2025-06-09T08:00:00Z,null,missed,Forgot to take,2025-06-09T08:57:00Z,,,
acb846ed-b47b-4c53-89bd-66165ed588e2,pat35,med35,2025-06-10T08:00:00Z,2025-06-10T08:45:00Z,taken,null,2025-06-10T08:50:00Z,Nausea,2,Mild stomach discomfort
bc883ba5-65c9-4ec5-80a6-a0713a1f42e0,pat35,med35,2025-06-11T08:00:00Z,2025-06-11T08:10:00Z,taken,null,2025-06-11T08:21:00Z,,,
2fd51c39-ce58-4f5b-b7d0-557d9d016b1b,pat35,med35,2025-06-12T08:00:00Z,2025-06-12T08:24:00Z,taken,null,2025-06-12T08:30:00Z,,,
70728d39-2405-4654-a37c-ae8d2eeeb75b,pat35,med35,2025-06-13T08:00:00Z,2025-06-13T08:55:00Z,taken,null,2025-06-13T09:18:00Z,Fatigue,2,Tiredness throughout the day
821381e1-cf52-4897-976e-ebf1921e6cd2,pat35,med35,2025-06-14T08:00:00Z,2025-06-14T08:58:00Z,taken,null,2025-06-14T09:21:00Z,Dizziness,3,Lightheadedness when standing
be811f50-c034-4f7f-b052-5d7aefe8e0c4,pat35,med35,2025-06-15T08:00:00Z,2025-06-15T08:13:00Z,taken,null,2025-06-15T08:32:00Z,Dizziness,3,Lightheadedness when standing
53dd752a-a384-4f36-b523-c9243101f553,pat35,med35,2025-06-16T08:00:00Z,2025-06-16T08:45:00Z,taken,null,2025-06-16T09:06:00Z,Nausea,2,Mild stomach discomfort
a9f25258-ac50-429a-9807-185bf5ab2886,pat35,med35,2025-06-17T08:00:00Z,null,missed,Forgot to take,2025-06-17T08:35:00Z,,,
ec7b5abf-7bec-4120-b6d5-77b6ae0c3a20,pat35,med35,2025-06-18T08:00:00Z,2025-06-18T08:23:00Z,taken,null,2025-06-18T08:42:00Z,,,
b1089fb5-859a-46c8-917a-41f59f085441,pat35,med35,2025-06-19T08:00:00Z,2025-06-19T08:42:00Z,taken,null,2025-06-19T08:55:00Z,Nausea,2,Mild stomach discomfort
9772c90b-093b-4471-893a-f60c0758adaa,pat35,med35,2025-06-20T08:00:00Z,2025-06-20T08:34:00Z,taken,null,2025-06-20T08:43:00Z,Nausea,2,Mild stomach discomfort
ddd01e8d-f11e-42b2-a547-5b2e642b92be,pat35,med35,2025-06-21T08:00:00Z,2025-06-21T08:45:00Z,taken,null,2025-06-21T08:59:00Z,Dizziness,3,Lightheadedness when standing
598a3a9a-de5d-4266-8c6e-2a1674afeacd,pat35,med35,2025-06-22T08:00:00Z,null,missed,Felt unwell,2025-06-22T08:41:00Z,,,
b7df5660-be3e-4018-ad6d-02f01c7356aa,pat35,med35,2025-06-23T08:00:00Z,2025-06-23T08:35:00Z,taken,null,2025-06-23T08:52:00Z,,,
2fea6146-b3ab-4d34-a1aa-3a49b710239c,pat35,med35,2025-06-24T08:00:00Z,2025-06-24T08:34:00Z,taken,null,2025-06-24T08:46:00Z,,,
09e48201-f906-48d7-b7a1-52a6aad9fce6,pat35,med35,2025-06-25T08:00:00Z,2025-06-25T08:48:00Z,taken,null,2025-06-25T09:05:00Z,Fatigue,2,Tiredness throughout the day
d62c05b1-e8c0-438f-9249-2cbedd0e5d18,pat35,med35,2025-06-26T08:00:00Z,null,missed,Was traveling,2025-06-26T08:56:00Z,,,
96bf5c0f-a573-44d9-a369-336a93171314,pat35,med35,2025-06-27T08:00:00Z,2025-06-27T08:17:00Z,taken,null,2025-06-27T08:34:00Z,Dizziness,3,Lightheadedness when standing
fda5f0e0-6c58-4e0f-9ee0-74d496274b72,pat35,med35,2025-06-28T08:00:00Z,2025-06-28T08:56:00Z,taken,null,2025-06-28T09:05:00Z,,,
ce2a51d8-2c99-4a3d-b4d9-45f2111ed14f,pat35,med35,2025-06-29T08:00:00Z,null,missed,Felt unwell,2025-06-29T08:38:00Z,,,
6d50fc6c-7974-4ab5-a3ec-7dc3e0bfd2a4,pat35,med35,2025-06-30T08:00:00Z,2025-06-30T08:29:00Z,taken,null,2025-06-30T08:39:00Z,,,
f2b581b7-ceae-4259-869c-ba01943aa65e,pat36,med36,2025-06-01T08:00:00Z,2025-06-01T08:19:00Z,taken,null,2025-06-01T08:32:00Z,Nausea,2,Mild stomach discomfort
72f9c04a-63f4-4c59-a424-0282c65e0087,pat36,med36,2025-06-02T08:00:00Z,2025-06-02T08:46:00Z,taken,null,2025-06-02T08:56:00Z,,,
b046f88e-ead6-4941-8de6-e028acffe6dd,pat36,med36,2025-06-03T08:00:00Z,2025-06-03T08:07:00Z,taken,null,2025-06-03T08:33:00Z,Dizziness,3,Lightheadedness when standing
98ca8462-812c-4a64-9fbc-2545f883b90b,pat36,med36,2025-06-04T08:00:00Z,2025-06-04T08:04:00Z,taken,null,2025-06-04T08:11:00Z,Nausea,2,Mild stomach discomfort
ad80e5c7-0635-4e31-8935-b7f951d7c6e6,pat36,med36,2025-06-06T08:00:00Z,2025-06-06T08:54:00Z,taken,null,2025-06-06T09:15:00Z,Fatigue,2,Tiredness throughout the day
6a56583a-9342-4da9-bd46-48cd7962d2ae,pat36,med36,2025-06-06T08:00:00Z,2025-06-06T08:51:00Z,taken,null,2025-06-06T09:05:00Z,Nausea,2,Mild stomach discomfort
c29d649c-d246-4919-b960-a804f51e8be0,pat36,med36,2025-06-07T08:00:00Z,2025-06-07T08:05:00Z,taken,null,2025-06-07T08:18:00Z,Headache,4,Persistent pain
1feeaef3-98c4-442f-b276-5732d64890d0,pat36,med36,2025-06-08T08:00:00Z,2025-06-08T08:18:00Z,taken,null,2025-06-08T08:34:00Z,Headache,4,Persistent pain
fa8c42f5-c5a5-4f0b-8da4-5499c45d9d4d,pat36,med36,2025-06-09T08:00:00Z,2025-06-09T08:58:00Z,taken,null,2025-06-09T09:08:00Z,,,
de49881a-744f-4e4f-8acf-e878a318d911,pat36,med36,2025-06-10T08:00:00Z,2025-06-10T08:10:00Z,taken,null,2025-06-10T08:24:00Z,,,
626cdc8f-4d6a-4ce0-baf2-c924bcf05c6a,pat36,med36,2025-06-11T08:00:00Z,2025-06-11T08:12:00Z,taken,null,2025-06-11T08:41:00Z,Nausea,2,Mild stomach discomfort
1f0504ab-db29-485e-962e-94b545f5ef9f,pat36,med36,2025-06-12T08:00:00Z,2025-06-12T08:00:00Z,taken,null,2025-06-12T08:05:00Z,,,
cc4114b8-7217-46e3-848f-22a2f9cb7a9b,pat36,med36,2025-06-13T08:00:00Z,2025-06-13T08:00:00Z,taken,null,2025-06-13T08:22:00Z,Headache,4,Persistent pain
81b3db87-5c68-428a-8640-281b23bed0b8,pat36,med36,2025-06-14T08:00:00Z,2025-06-14T08:43:00Z,taken,null,2025-06-14T08:48:00Z,,,
03af4042-45c6-4105-a767-b4f705df86c2,pat36,med36,2025-06-15T08:00:00Z,2025-06-15T08:10:00Z,taken,null,2025-06-15T08:20:00Z,Nausea,2,Mild stomach discomfort
8e908c50-7238-4aed-aa91-ed981039d781,pat36,med36,2025-06-16T08:00:00Z,null,missed,Out of medication,2025-06-16T08:38:00Z,,,
3286d6a4-1b9d-4224-99c1-3a2e54ca8155,pat36,med36,2025-06-17T08:00:00Z,2025-06-17T08:02:00Z,taken,null,2025-06-17T08:24:00Z,Nausea,2,Mild stomach discomfort
e21553d8-f260-4e7f-8e5d-4575f4bb7022,pat36,med36,2025-06-18T08:00:00Z,2025-06-18T08:39:00Z,taken,null,2025-06-18T09:05:00Z,Nausea,2,Mild stomach discomfort
61cafdcf-0ea3-406f-bb5f-57007c396000,pat36,med36,2025-06-19T08:00:00Z,2025-06-19T08:58:00Z,taken,null,2025-06-19T09:12:00Z,,,
6fd8860b-c0a7-4fac-9f9e-a78e015fd00b,pat36,med36,2025-06-20T08:00:00Z,2025-06-20T08:06:00Z,taken,null,2025-06-20T08:25:00Z,,,
88e17c34-e3e7-4e1e-aa2d-b7822ad560b1,pat36,med36,2025-06-21T08:00:00Z,2025-06-21T08:16:00Z,taken,null,2025-06-21T08:41:00Z,Dizziness,3,Lightheadedness when standing
3a08040e-ef80-4dc0-9127-6d627a8190dc,pat36,med36,2025-06-22T08:00:00Z,null,missed,Forgot to take,2025-06-22T08:17:00Z,,,
89e3d9f1-df14-44f5-a14a-a25d4d010264,pat36,med36,2025-06-23T08:00:00Z,2025-06-23T08:39:00Z,taken,null,2025-06-23T08:49:00Z,,,
1345aedf-6ea1-4a37-8cf0-1aef8e40282d,pat36,med36,2025-06-24T08:00:00Z,2025-06-24T08:35:00Z,taken,null,2025-06-24T08:46:00Z,Dizziness,3,Lightheadedness when standing
6ae04633-7db4-4f47-91b9-d8b812283963,pat36,med36,2025-06-25T08:00:00Z,2025-06-25T08:54:00Z,taken,null,2025-06-25T09:01:00Z,Headache,4,Persistent pain
3cf10393-377e-4514-9d20-03243f6cf56d,pat36,med36,2025-06-26T08:00:00Z,2025-06-26T08:49:00Z,taken,null,2025-06-26T09:00:00Z,,,
54f7583d-7978-4723-909e-227048b341be,pat36,med36,2025-06-27T08:00:00Z,2025-06-27T08:15:00Z,taken,null,2025-06-27T08:31:00Z,,,
7dfade9b-2aa7-487e-b45f-6c94c0ff958d,pat36,med36,2025-06-28T08:00:00Z,2025-06-28T08:48:00Z,taken,null,2025-06-28T09:01:00Z,,,
0e73da3a-771a-4cce-9731-25db5247e118,pat36,med36,2025-06-29T08:00:00Z,2025-06-29T08:10:00Z,taken,null,2025-06-29T08:19:00Z,,,
8957229b-a29e-4934-b05a-e7ceb4983561,pat36,med36,2025-06-30T08:00:00Z,null,missed,Forgot to take,2025-06-30T08:45:00Z,,,
1dae9a32-b7f4-41b7-895d-8deb6cb99b74,pat37,med37,2025-06-01T08:00:00Z,2025-06-01T08:56:00Z,taken,null,2025-06-01T09:22:00Z,,,
1366933a-c24d-49f5-9b17-ec2cf17accbc,pat37,med37,2025-06-02T08:00:00Z,2025-06-02T08:11:00Z,taken,null,2025-06-02T08:30:00Z,,,
5f3556be-a084-4c39-ba4a-37eda6a4adc2,pat37,med37,2025-06-03T08:00:00Z,2025-06-03T08:01:00Z,taken,null,2025-06-03T08:10:00Z,Nausea,2,Mild stomach discomfort
8df1786f-272e-4cad-9a4b-8489d234b1b8,pat37,med37,2025-06-04T08:00:00Z,2025-06-04T08:25:00Z,taken,null,2025-06-04T08:42:00Z,,,
fe8c17d4-4d9b-4959-b285-c98fec3d9d1c,pat37,med37,2025-06-06T08:00:00Z,2025-06-06T08:42:00Z,taken,null,2025-06-06T08:49:00Z,Headache,4,Persistent pain
d9754fab-0e83-426b-8cc4-95b797d3052c,pat37,med37,2025-06-06T08:00:00Z,null,missed,Was traveling,2025-06-06T08:54:00Z,,,
3da58a1d-81d8-4d8e-9557-46ac13cda9e4,pat37,med37,2025-06-07T08:00:00Z,null,missed,Felt unwell,2025-06-07T08:34:00Z,,,
b35376b9-f0ba-4c45-acab-9f37a392aa62,pat37,med37,2025-06-08T08:00:00Z,2025-06-08T09:00:00Z,taken,null,2025-06-08T09:12:00Z,Headache,4,Persistent pain
98b97c33-a80c-4703-9329-294e9092b9c8,pat37,med37,2025-06-09T08:00:00Z,2025-06-09T08:53:00Z,taken,null,2025-06-09T09:11:00Z,,,
047f719c-8d0c-43fe-b010-9729a268c756,pat37,med37,2025-06-10T08:00:00Z,2025-06-10T08:20:00Z,taken,null,2025-06-10T08:34:00Z,,,
dca06ef8-2001-4969-8880-98dc35a52ef0,pat37,med37,2025-06-11T08:00:00Z,2025-06-11T08:10:00Z,taken,null,2025-06-11T08:19:00Z,Nausea,2,Mild stomach discomfort
a133f2f5-7ec2-4780-b3d9-721f4acc3dae,pat37,med37,2025-06-12T08:00:00Z,null,missed,Was traveling,2025-06-12T08:50:00Z,,,
e63766c4-0843-4b32-8928-b2bf48a44e5c,pat37,med37,2025-06-13T08:00:00Z,2025-06-13T08:18:00Z,taken,null,2025-06-13T08:48:00Z,Nausea,2,Mild stomach discomfort
e7629032-c585-491f-8962-5a5d3372bb4a,pat37,med37,2025-06-14T08:00:00Z,2025-06-14T08:58:00Z,taken,null,2025-06-14T09:09:00Z,,,
9d359fdc-d210-48dd-a280-8e3b53619a73,pat37,med37,2025-06-15T08:00:00Z,null,missed,Out of medication,2025-06-15T08:43:00Z,,,
a23444e2-9326-4e5a-9ec9-e7a2ddfb612b,pat37,med37,2025-06-16T08:00:00Z,2025-06-16T08:26:00Z,taken,null,2025-06-16T08:51:00Z,Fatigue,2,Tiredness throughout the day
583e8e67-18ab-4a8c-8715-692dbe460743,pat37,med37,2025-06-17T08:00:00Z,2025-06-17T08:42:00Z,taken,null,2025-06-17T09:06:00Z,,,
126fc50f-81ee-42ce-9939-80f016a7ed45,pat37,med37,2025-06-18T08:00:00Z,2025-06-18T08:54:00Z,taken,null,2025-06-18T09:09:00Z,Dizziness,3,Lightheadedness when standing
9fe3af1d-44e6-49a5-af99-5440eb8795bb,pat37,med37,2025-06-19T08:00:00Z,2025-06-19T08:41:00Z,taken,null,2025-06-19T08:53:00Z,,,
b5207dde-92bf-44c2-8b1d-ee61145b3b04,pat37,med37,2025-06-20T08:00:00Z,2025-06-20T08:34:00Z,taken,null,2025-06-20T08:42:00Z,,,
5e6462ff-a28d-4181-b0c6-9a58b4d467fa,pat37,med37,2025-06-21T08:00:00Z,null,missed,Was traveling,2025-06-21T08:40:00Z,,,
51f47732-7468-4870-9dd6-18f3f7c9f85a,pat37,med37,2025-06-22T08:00:00Z,2025-06-22T08:16:00Z,taken,null,2025-06-22T08:38:00Z,Headache,4,Persistent pain
536faf7a-13e6-4655-abd6-9346bfc211cc,pat37,med37,2025-06-23T08:00:00Z,null,missed,Forgot to take,2025-06-23T08:54:00Z,,,
e430cbfb-fcbf-4d04-87f9-6f76a5e8f7b2,pat37,med37,2025-06-24T08:00:00Z,2025-06-24T08:59:00Z,taken,null,2025-06-24T09:17:00Z,Fatigue,2,Tiredness throughout the day
58d1db98-8fcc-416f-abf0-97215a047e79,pat37,med37,2025-06-25T08:00:00Z,null,missed,Forgot to take,2025-06-25T08:32:00Z,,,
9053aee6-ad87-4916-a71a-d09ad58058d1,pat37,med37,2025-06-26T08:00:00Z,2025-06-26T08:30:00Z,taken,null,2025-06-26T08:37:00Z,Nausea,2,Mild stomach discomfort
d91ab8b5-5657-4d37-8b81-842b40dfddcb,pat37,med37,2025-06-27T08:00:00Z,2025-06-27T08:23:00Z,taken,null,2025-06-27T08:33:00Z,,,
5b33fd56-3166-4b49-8a8a-2c65b4922707,pat37,med37,2025-06-28T08:00:00Z,null,missed,Forgot to take,2025-06-28T08:51:00Z,,,
21b81130-0b1a-4823-99b3-35a8fe536707,pat37,med37,2025-06-29T08:00:00Z,2025-06-29T08:16:00Z,taken,null,2025-06-29T08:38:00Z,,,
c327489e-23dc-42db-bf0f-9638765ca90e,pat37,med37,2025-06-30T08:00:00Z,2025-06-30T08:35:00Z,taken,null,2025-06-30T08:46:00Z,,,
1918cb0f-9162-4b23-9954-4f2d3002b4e6,pat38,med38,2025-06-01T08:00:00Z,2025-06-01T08:11:00Z,taken,null,2025-06-01T08:27:00Z,,,
8ceb6f5d-7334-4398-8f85-031129f8c810,pat38,med38,2025-06-02T08:00:00Z,2025-06-02T08:37:00Z,taken,null,2025-06-02T08:57:00Z,Dizziness,3,Lightheadedness when standing
e746f8d6-4550-40cb-8c6e-85c1f2636490,pat38,med38,2025-06-03T08:00:00Z,2025-06-03T08:12:00Z,taken,null,2025-06-03T08:28:00Z,,,
942464af-8957-448e-b4b2-7b6afcee2543,pat38,med38,2025-06-04T08:00:00Z,null,missed,Was traveling,2025-06-04T08:46:00Z,,,
a4908064-1c6c-466e-be16-163b3c09a81b,pat38,med38,2025-06-06T08:00:00Z,2025-06-06T08:36:00Z,taken,null,2025-06-06T08:41:00Z,Fatigue,2,Tiredness throughout the day
0e12e441-6219-405b-aa7b-6c2aeec6ca80,pat38,med38,2025-06-06T08:00:00Z,null,missed,Felt unwell,2025-06-06T08:50:00Z,,,
d62ff6bc-f826-4c72-a691-53cc2afbf361,pat38,med38,2025-06-07T08:00:00Z,2025-06-07T08:01:00Z,taken,null,2025-06-07T08:25:00Z,Fatigue,2,Tiredness throughout the day
848890a3-b625-49e3-b96a-78b671237edd,pat38,med38,2025-06-08T08:00:00Z,2025-06-08T08:55:00Z,taken,null,2025-06-08T09:14:00Z,Dizziness,3,Lightheadedness when standing
96ce556c-6592-4ee8-b6ee-caed981fc56b,pat38,med38,2025-06-09T08:00:00Z,2025-06-09T08:13:00Z,taken,null,2025-06-09T08:34:00Z,Nausea,2,Mild stomach discomfort
ef420d82-0a83-4bf9-9fb7-992769d302c5,pat38,med38,2025-06-10T08:00:00Z,2025-06-10T08:51:00Z,taken,null,2025-06-10T09:10:00Z,Fatigue,2,Tiredness throughout the day
1c245677-65d2-426c-a096-ce752961491c,pat38,med38,2025-06-11T08:00:00Z,2025-06-11T08:53:00Z,taken,null,2025-06-11T09:20:00Z,,,
fbf5cac6-5d55-442b-8604-dbf060d48696,pat38,med38,2025-06-12T08:00:00Z,2025-06-12T08:50:00Z,taken,null,2025-06-12T09:11:00Z,Fatigue,2,Tiredness throughout the day
be1d2dc9-95a3-4b88-8282-dfdf52f8468b,pat38,med38,2025-06-13T08:00:00Z,null,missed,Forgot to take,2025-06-13T08:55:00Z,,,
92e0182a-e335-446e-9ddc-c259d31977df,pat38,med38,2025-06-14T08:00:00Z,null,missed,Out of medication,2025-06-14T08:55:00Z,,,
0b973680-34be-4183-8c16-33c3dc4422b0,pat38,med38,2025-06-15T08:00:00Z,2025-06-15T08:29:00Z,taken,null,2025-06-15T08:57:00Z,,,
d126818a-76a7-434d-9b9c-89243b182f82,pat38,med38,2025-06-16T08:00:00Z,2025-06-16T08:33:00Z,taken,null,2025-06-16T08:57:00Z,,,
46c7d808-e9ca-4504-870c-047bc94b4c93,pat38,med38,2025-06-17T08:00:00Z,null,missed,Out of medication,2025-06-17T08:29:00Z,,,
06555ee8-6835-4f77-a862-376e57657e12,pat38,med38,2025-06-18T08:00:00Z,2025-06-18T08:15:00Z,taken,null,2025-06-18T08:40:00Z,,,
aa5f88a3-6a07-4401-83e5-88ea740b6376,pat38,med38,2025-06-19T08:00:00Z,2025-06-19T08:26:00Z,taken,null,2025-06-19T08:39:00Z,,,
d2ca67fa-3476-4b15-8e9a-4a494b2eafa9,pat38,med38,2025-06-20T08:00:00Z,2025-06-20T08:11:00Z,taken,null,2025-06-20T08:31:00Z,Headache,4,Persistent pain
5f912fed-f94d-47c3-b5f5-a325ddc1551a,pat38,med38,2025-06-21T08:00:00Z,null,missed,Felt unwell,2025-06-21T08:30:00Z,,,
4770fb03-e7e6-4318-974e-86d4ee35ab65,pat38,med38,2025-06-22T08:00:00Z,2025-06-22T08:06:00Z,taken,null,2025-06-22T08:22:00Z,,,
8785dcb3-dac1-4578-98fe-16b81306cfa3,pat38,med38,2025-06-23T08:00:00Z,2025-06-23T08:46:00Z,taken,null,2025-06-23T08:51:00Z,,,
2976e8fb-a66a-4597-8471-14307414db36,pat38,med38,2025-06-24T08:00:00Z,2025-06-24T08:02:00Z,taken,null,2025-06-24T08:24:00Z,,,
201fd9b6-c82f-46b5-b58a-2d6470ae2c59,pat38,med38,2025-06-25T08:00:00Z,2025-06-25T08:02:00Z,taken,null,2025-06-25T08:17:00Z,,,
b1c1849f-4578-4ff0-a148-c4a9d968da59,pat38,med38,2025-06-26T08:00:00Z,2025-06-26T08:05:00Z,taken,null,2025-06-26T08:29:00Z,,,
d27d3de2-eb26-4482-8e64-27186d29499b,pat38,med38,2025-06-27T08:00:00Z,2025-06-27T08:07:00Z,taken,null,2025-06-27T08:32:00Z,,,
b7b33a82-d980-46b2-aa86-7ac7a4e51e68,pat38,med38,2025-06-28T08:00:00Z,2025-06-28T08:15:00Z,taken,null,2025-06-28T08:21:00Z,,,
8facef1f-170c-4598-ae53-a5224bc30740,pat38,med38,2025-06-29T08:00:00Z,2025-06-29T08:13:00Z,taken,null,2025-06-29T08:32:00Z,Nausea,2,Mild stomach discomfort
ee135172-30a4-4e24-afc5-cb31844d2262,pat38,med38,2025-06-30T08:00:00Z,2025-06-30T08:52:00Z,taken,null,2025-06-30T09:00:00Z,Fatigue,2,Tiredness throughout the day
029335bf-14c6-4bb8-b453-32d395b12914,pat39,med39,2025-06-01T08:00:00Z,2025-06-01T08:16:00Z,taken,null,2025-06-01T08:46:00Z,Headache,4,Persistent pain
e6e390b1-ee48-4d5d-b161-c255fa8b6472,pat39,med39,2025-06-02T08:00:00Z,2025-06-02T08:54:00Z,taken,null,2025-06-02T09:24:00Z,,,
e72d2255-080b-4eb3-b015-ae74916e1f7c,pat39,med39,2025-06-03T08:00:00Z,2025-06-03T09:00:00Z,taken,null,2025-06-03T09:16:00Z,,,
8219033b-7c3c-4d61-a33b-a75d67e009b6,pat39,med39,2025-06-04T08:00:00Z,2025-06-04T08:52:00Z,taken,null,2025-06-04T09:10:00Z,,,
188b1440-568f-4808-b44d-0f22b8fc6821,pat39,med39,2025-06-06T08:00:00Z,null,missed,Was traveling,2025-06-06T08:12:00Z,,,
5a30ee73-528b-47f0-8a0e-e014fc6071a1,pat39,med39,2025-06-06T08:00:00Z,2025-06-06T08:38:00Z,taken,null,2025-06-06T09:03:00Z,Nausea,2,Mild stomach discomfort
6fe60730-d4cc-49ad-99f9-80c65bebfb59,pat39,med39,2025-06-07T08:00:00Z,2025-06-07T08:28:00Z,taken,null,2025-06-07T08:38:00Z,,,
3d9ab2c1-744d-4cbd-b707-675e51bf4296,pat39,med39,2025-06-08T08:00:00Z,2025-06-08T08:51:00Z,taken,null,2025-06-08T09:03:00Z,Dizziness,3,Lightheadedness when standing
25e8ea2a-907e-46d0-82ad-0f227a3587c0,pat39,med39,2025-06-09T08:00:00Z,2025-06-09T08:12:00Z,taken,null,2025-06-09T08:30:00Z,,,
ca45d5c5-de64-4fb2-a1ab-59c2f8a58779,pat39,med39,2025-06-10T08:00:00Z,2025-06-10T08:24:00Z,taken,null,2025-06-10T08:43:00Z,Fatigue,2,Tiredness throughout the day
74ca4769-2095-4a9b-91d0-64fd97b9cfff,pat39,med39,2025-06-11T08:00:00Z,2025-06-11T08:38:00Z,taken,null,2025-06-11T08:59:00Z,,,
baae9b9a-c7a3-4720-b995-de3922373ae0,pat39,med39,2025-06-12T08:00:00Z,null,missed,Out of medication,2025-06-12T08:28:00Z,,,
cc3e3839-efbe-4378-b3c0-f88bf090e368,pat39,med39,2025-06-13T08:00:00Z,2025-06-13T08:15:00Z,taken,null,2025-06-13T08:30:00Z,,,
bd17d73d-d12f-4e5e-997d-6918ade14670,pat39,med39,2025-06-14T08:00:00Z,2025-06-14T08:00:00Z,taken,null,2025-06-14T08:16:00Z,,,
f1769e94-7908-42b2-8753-d0118ea2282e,pat39,med39,2025-06-15T08:00:00Z,2025-06-15T08:43:00Z,taken,null,2025-06-15T09:07:00Z,,,
8d3860f5-8376-48af-ae93-2ecabb921eae,pat39,med39,2025-06-16T08:00:00Z,2025-06-16T08:34:00Z,taken,null,2025-06-16T08:43:00Z,Fatigue,2,Tiredness throughout the day
e406c13a-c0ab-4b82-b391-0e004a97dc1f,pat39,med39,2025-06-17T08:00:00Z,2025-06-17T08:18:00Z,taken,null,2025-06-17T08:43:00Z,,,
32f17e9c-77ce-4028-ac61-f50e27141cc7,pat39,med39,2025-06-18T08:00:00Z,2025-06-18T08:41:00Z,taken,null,2025-06-18T08:58:00Z,Fatigue,2,Tiredness throughout the day
e0031ee8-3e82-4628-af1a-f10bac3663f9,pat39,med39,2025-06-19T08:00:00Z,null,missed,Felt unwell,2025-06-19T08:46:00Z,,,
44d30fa4-459c-4e48-8695-90c17498aca2,pat39,med39,2025-06-20T08:00:00Z,2025-06-20T08:53:00Z,taken,null,2025-06-20T09:11:00Z,,,
bb374336-a37d-4eae-a3d2-972c9000746c,pat39,med39,2025-06-21T08:00:00Z,2025-06-21T08:23:00Z,taken,null,2025-06-21T08:45:00Z,,,
3a9ae105-3f1c-4ba6-9f15-30d7052dfbc8,pat39,med39,2025-06-22T08:00:00Z,2025-06-22T08:50:00Z,taken,null,2025-06-22T08:56:00Z,Nausea,2,Mild stomach discomfort
6290832c-5e4e-4174-8bfe-295a45f8f909,pat39,med39,2025-06-23T08:00:00Z,2025-06-23T08:38:00Z,taken,null,2025-06-23T08:59:00Z,Fatigue,2,Tiredness throughout the day
04fdfcd9-49dc-4530-b5f3-709839cc7b33,pat39,med39,2025-06-24T08:00:00Z,2025-06-24T08:18:00Z,taken,null,2025-06-24T08:23:00Z,Nausea,2,Mild stomach discomfort
9d9ec446-5cd4-4a37-b45e-a914b42514ed,pat39,med39,2025-06-25T08:00:00Z,2025-06-25T08:33:00Z,taken,null,2025-06-25T08:58:00Z,Headache,4,Persistent pain
b7110418-4e29-49d0-b438-ed9f2302e9b1,pat39,med39,2025-06-26T08:00:00Z,2025-06-26T08:43:00Z,taken,null,2025-06-26T09:09:00Z,,,
af74302b-f612-4916-8c06-8f8f3f923130,pat39,med39,2025-06-27T08:00:00Z,2025-06-27T08:03:00Z,taken,null,2025-06-27T08:16:00Z,Dizziness,3,Lightheadedness when standing
33cd21e0-03bc-444b-b4f4-a1269ccb9e4d,pat39,med39,2025-06-28T08:00:00Z,2025-06-28T08:51:00Z,taken,null,2025-06-28T09:03:00Z,Headache,4,Persistent pain
e5b94501-1c25-4489-8799-237ebca85642,pat39,med39,2025-06-29T08:00:00Z,2025-06-29T08:28:00Z,taken,null,2025-06-29T08:52:00Z,Dizziness,3,Lightheadedness when standing
7c7fbe3a-4b0b-45a7-b29c-d361e8b73dbb,pat39,med39,2025-06-30T08:00:00Z,2025-06-30T08:37:00Z,taken,null,2025-06-30T09:07:00Z,,,
876aadb7-2c14-443c-bea9-a044fcc8f9bc,pat40,med40,2025-06-01T08:00:00Z,null,missed,Out of medication,2025-06-01T08:50:00Z,,,
67ec9a27-d490-4c60-869e-085208802adc,pat40,med40,2025-06-02T08:00:00Z,2025-06-02T08:40:00Z,taken,null,2025-06-02T09:06:00Z,Headache,4,Persistent pain
c4ebd660-384a-44a4-9959-8b476d7031a5,pat40,med40,2025-06-03T08:00:00Z,2025-06-03T08:32:00Z,taken,null,2025-06-03T09:00:00Z,,,
1b9ca985-3eca-40dd-b6bb-b34c5ad18ac0,pat40,med40,2025-06-04T08:00:00Z,2025-06-04T08:39:00Z,taken,null,2025-06-04T08:48:00Z,Dizziness,3,Lightheadedness when standing
8751cc29-7e35-4405-ad61-4cf88fb985e7,pat40,med40,2025-06-06T08:00:00Z,null,missed,Forgot to take,2025-06-06T08:51:00Z,,,
3a68b8c9-1bc5-45a3-8c4a-674707fd2e6b,pat40,med40,2025-06-06T08:00:00Z,2025-06-06T08:19:00Z,taken,null,2025-06-06T08:28:00Z,,,
274d2b65-c09e-4a09-8625-9f19d22e8536,pat40,med40,2025-06-07T08:00:00Z,2025-06-07T08:31:00Z,taken,null,2025-06-07T08:52:00Z,Nausea,2,Mild stomach discomfort
05bc5bb4-848a-486f-a49c-101b27751263,pat40,med40,2025-06-08T08:00:00Z,2025-06-08T08:32:00Z,taken,null,2025-06-08T08:45:00Z,,,
cc45cc74-ac69-43db-b704-6e13f325d1c3,pat40,med40,2025-06-09T08:00:00Z,2025-06-09T08:16:00Z,taken,null,2025-06-09T08:29:00Z,,,
6a28bd67-f65b-4a49-9baf-0fd045370827,pat40,med40,2025-06-10T08:00:00Z,2025-06-10T08:27:00Z,taken,null,2025-06-10T08:32:00Z,,,
116e7697-2148-4814-8383-4fb944d43908,pat40,med40,2025-06-11T08:00:00Z,2025-06-11T08:52:00Z,taken,null,2025-06-11T09:18:00Z,,,
1e31880e-4d44-4975-af2c-028e19f9b0e0,pat40,med40,2025-06-12T08:00:00Z,null,missed,Out of medication,2025-06-12T08:40:00Z,,,
3d6dcff0-ac4a-4060-89aa-8620d45c6cac,pat40,med40,2025-06-13T08:00:00Z,2025-06-13T08:25:00Z,taken,null,2025-06-13T08:46:00Z,,,
59a3a855-18e9-4721-83ee-54de0e800793,pat40,med40,2025-06-14T08:00:00Z,2025-06-14T08:46:00Z,taken,null,2025-06-14T09:15:00Z,Nausea,2,Mild stomach discomfort
ec7dff86-4ba0-4e1b-9d2a-986563a9eecf,pat40,med40,2025-06-15T08:00:00Z,2025-06-15T08:40:00Z,taken,null,2025-06-15T08:45:00Z,,,
0cea4278-0ccd-4548-b8ec-45aed9df8381,pat40,med40,2025-06-16T08:00:00Z,2025-06-16T08:15:00Z,taken,null,2025-06-16T08:27:00Z,,,
9e2044b1-7019-4d14-95cb-5c388b9c4366,pat40,med40,2025-06-17T08:00:00Z,2025-06-17T08:27:00Z,taken,null,2025-06-17T08:34:00Z,Dizziness,3,Lightheadedness when standing
fb8622b9-11d7-4b4b-98a0-0c77be82ce9b,pat40,med40,2025-06-18T08:00:00Z,2025-06-18T08:24:00Z,taken,null,2025-06-18T08:37:00Z,Headache,4,Persistent pain
6940d7a9-3263-4b7d-a287-f43d9ba8f311,pat40,med40,2025-06-19T08:00:00Z,null,missed,Forgot to take,2025-06-19T08:20:00Z,,,
5c7fecdb-dff0-41b6-863d-4b1ca41ea6f4,pat40,med40,2025-06-20T08:00:00Z,2025-06-20T08:07:00Z,taken,null,2025-06-20T08:22:00Z,,,
17f87a40-10b9-4e9c-9a23-2e3d74010ccf,pat40,med40,2025-06-21T08:00:00Z,2025-06-21T08:54:00Z,taken,null,2025-06-21T09:24:00Z,,,
4ac1bf22-83c9-41ca-8648-c5f351d4cb5a,pat40,med40,2025-06-22T08:00:00Z,2025-06-22T08:42:00Z,taken,null,2025-06-22T08:51:00Z,Dizziness,3,Lightheadedness when standing
6008d6c9-830e-4ab8-898a-7b7eff123e9a,pat40,med40,2025-06-23T08:00:00Z,null,missed,Forgot to take,2025-06-23T08:10:00Z,,,
6996f857-523e-4f8b-b84b-dd4dee790561,pat40,med40,2025-06-24T08:00:00Z,null,missed,Was traveling,2025-06-24T08:45:00Z,,,
8646ad0b-7526-49da-a76b-6bd330544f27,pat40,med40,2025-06-25T08:00:00Z,2025-06-25T08:51:00Z,taken,null,2025-06-25T09:20:00Z,Dizziness,3,Lightheadedness when standing
8d0d195e-5fb4-4ce9-b7e0-879a938a7d79,pat40,med40,2025-06-26T08:00:00Z,2025-06-26T08:05:00Z,taken,null,2025-06-26T08:31:00Z,,,
cf2ef0e2-b021-4a99-8aa3-4508f717542b,pat40,med40,2025-06-27T08:00:00Z,2025-06-27T09:00:00Z,taken,null,2025-06-27T09:05:00Z,,,
f7b8823a-6f2b-41d7-83ba-fc8494dfe50d,pat40,med40,2025-06-28T08:00:00Z,2025-06-28T08:57:00Z,taken,null,2025-06-28T09:10:00Z,Nausea,2,Mild stomach discomfort
535c1b7a-9e8d-47ab-9b7a-1d607aa94757,pat40,med40,2025-06-29T08:00:00Z,2025-06-29T09:00:00Z,taken,null,2025-06-29T09:23:00Z,,,
c9a0dba1-5849-408b-93e9-1e8741e93bdd,pat40,med40,2025-06-30T08:00:00Z,2025-06-30T08:55:00Z,taken,null,2025-06-30T09:19:00Z,Fatigue,2,Tiredness throughout the day
